gene_set,n_genes,protein_coding_only,n_pcs,cum_explained_var,algorithm,k,silhouette,calinski_harabasz,davies_bouldin,min_cluster_size,max_cluster_size,size_balance,cluster_sizes
MAD_1000_PC,1000,True,10,0.7216,KMeans,2,0.4212,298.8,0.9872,142,186,0.763,"142,186"
MAD_1000_PC,1000,True,10,0.7216,KMeans,3,0.3042,203.6,1.4228,68,141,0.482,"119,141,68"
MAD_1000_PC,1000,True,10,0.7216,KMeans,4,0.2225,167.4,1.6377,68,119,0.571,"71,119,70,68"
MAD_1000_PC,1000,True,10,0.7216,KMeans,5,0.2042,147.4,1.6261,53,72,0.736,"72,71,53,62,70"
MAD_1000_PC,1000,True,10,0.7216,KMeans,6,0.1971,129.1,1.6288,34,71,0.479,"46,70,34,68,71,39"
MAD_1000_PC,1000,True,10,0.7216,KMeans,7,0.1761,117.0,1.6387,38,64,0.594,"41,38,45,42,64,39,59"
MAD_1000_PC,1000,True,10,0.7216,KMeans,8,0.1765,107.3,1.6675,32,65,0.492,"32,38,34,65,36,39,41,43"
MAD_1000_PC,1000,True,10,0.7216,Ward,2,0.4215,298.5,0.9861,141,187,0.754,"187,141"
MAD_1000_PC,1000,True,10,0.7216,Ward,3,0.295,190.8,1.3954,43,144,0.299,"141,144,43"
MAD_1000_PC,1000,True,10,0.7216,Ward,4,0.2053,155.1,1.631,43,144,0.299,"144,78,43,63"
MAD_1000_PC,1000,True,10,0.7216,Ward,5,0.1869,137.6,1.7364,43,87,0.494,"87,78,43,63,57"
MAD_1000_PC,1000,True,10,0.7216,Ward,6,0.1713,118.2,1.8067,21,78,0.269,"78,57,43,63,66,21"
MAD_1000_PC,1000,True,10,0.7216,Ward,7,0.1436,105.5,1.7927,21,66,0.318,"57,52,43,63,66,21,26"
MAD_1000_PC,1000,True,10,0.7216,Ward,8,0.1361,96.7,1.7239,21,66,0.318,"34,52,43,63,66,21,26,23"
MAD_1000_PC,1000,True,10,0.7216,GMM,2,0.4215,298.5,0.9861,141,187,0.754,"141,187"
MAD_1000_PC,1000,True,10,0.7216,GMM,3,0.2916,178.9,1.6012,41,146,0.281,"146,141,41"
MAD_1000_PC,1000,True,10,0.7216,GMM,4,0.1788,152.1,1.8435,61,110,0.555,"77,80,61,110"
MAD_1000_PC,1000,True,10,0.7216,GMM,5,0.1564,120.3,1.837,22,111,0.198,"22,111,79,76,40"
MAD_1000_PC,1000,True,10,0.7216,GMM,6,0.1694,110.9,1.7045,7,77,0.091,"76,33,77,62,7,73"
MAD_1000_PC,1000,True,10,0.7216,Spectral,2,0.4215,298.5,0.9861,141,187,0.754,"141,187"
MAD_1000_PC,1000,True,10,0.7216,Spectral,3,0.2988,202.3,1.4539,73,141,0.518,"141,73,114"
MAD_1000_PC,1000,True,10,0.7216,Spectral,4,0.2181,165.3,1.6512,55,114,0.482,"55,86,114,73"
MAD_1000_PC,1000,True,10,0.7216,Spectral,5,0.2064,143.2,1.5993,36,99,0.364,"55,99,86,36,52"
MAD_1000_PC,1000,True,10,0.7216,Spectral,6,0.1851,124.2,1.6642,33,99,0.333,"52,64,36,99,44,33"
MAD_1000_PC,1000,True,10,0.7216,Spectral,7,0.1699,112.8,1.7311,31,69,0.449,"44,69,45,61,36,42,31"
MAD_1000_PC,1000,True,10,0.7216,Spectral,8,0.1701,103.5,1.7061,31,69,0.449,"31,34,69,45,35,31,42,41"
MAD_1000_PC,1000,True,20,0.7953,KMeans,2,0.3806,249.9,1.0953,142,186,0.763,"142,186"
MAD_1000_PC,1000,True,20,0.7953,KMeans,3,0.2644,165.8,1.5851,67,141,0.475,"120,141,67"
MAD_1000_PC,1000,True,20,0.7953,KMeans,4,0.186,133.3,1.8541,67,120,0.558,"70,120,71,67"
MAD_1000_PC,1000,True,20,0.7953,KMeans,5,0.1681,114.8,1.8689,53,72,0.736,"62,70,72,53,71"
MAD_1000_PC,1000,True,20,0.7953,KMeans,6,0.1572,99.3,1.8561,30,71,0.423,"70,71,71,39,47,30"
MAD_1000_PC,1000,True,20,0.7953,KMeans,7,0.1407,88.6,1.9526,32,67,0.478,"47,42,41,67,32,50,49"
MAD_1000_PC,1000,True,20,0.7953,KMeans,8,0.148,80.5,1.7774,6,68,0.088,"52,34,43,54,68,39,32,6"
MAD_1000_PC,1000,True,20,0.7953,Ward,2,0.3808,249.7,1.0942,141,187,0.754,"187,141"
MAD_1000_PC,1000,True,20,0.7953,Ward,3,0.2462,157.8,1.7772,85,141,0.603,"141,85,102"
MAD_1000_PC,1000,True,20,0.7953,Ward,4,0.1596,125.0,2.0561,69,102,0.676,"85,69,102,72"
MAD_1000_PC,1000,True,20,0.7953,Ward,5,0.153,107.3,1.9538,41,102,0.402,"102,69,41,72,44"
MAD_1000_PC,1000,True,20,0.7953,Ward,6,0.1393,93.6,2.0576,41,72,0.569,"69,72,41,53,44,49"
MAD_1000_PC,1000,True,20,0.7953,Ward,7,0.1259,83.9,2.0133,32,72,0.444,"72,53,41,37,44,49,32"
MAD_1000_PC,1000,True,20,0.7953,Ward,8,0.1233,76.2,2.0865,32,53,0.604,"41,53,37,37,44,49,32,35"
MAD_1000_PC,1000,True,20,0.7953,GMM,2,0.3808,249.7,1.0942,141,187,0.754,"141,187"
MAD_1000_PC,1000,True,20,0.7953,GMM,3,0.2562,146.1,1.7631,68,187,0.364,"68,187,73"
MAD_1000_PC,1000,True,20,0.7953,GMM,4,0.1326,118.5,2.2342,68,100,0.68,"68,100,73,87"
MAD_1000_PC,1000,True,20,0.7953,GMM,5,0.1422,106.2,2.0382,41,93,0.441,"53,73,41,68,93"
MAD_1000_PC,1000,True,20,0.7953,GMM,7,0.124,81.4,2.1151,20,73,0.274,"33,73,66,20,65,22,49"
MAD_1000_PC,1000,True,20,0.7953,Spectral,2,0.3808,249.7,1.0942,141,187,0.754,"141,187"
MAD_1000_PC,1000,True,20,0.7953,Spectral,3,0.2599,165.1,1.6214,74,141,0.525,"74,113,141"
MAD_1000_PC,1000,True,20,0.7953,Spectral,4,0.1799,131.3,1.8509,48,113,0.425,"93,113,74,48"
MAD_1000_PC,1000,True,20,0.7953,Spectral,5,0.1668,111.9,1.8451,42,94,0.447,"50,94,42,51,91"
MAD_1000_PC,1000,True,20,0.7953,Spectral,6,0.1554,96.9,1.9012,34,93,0.366,"93,64,48,44,34,45"
MAD_1000_PC,1000,True,20,0.7953,Spectral,7,0.138,87.0,2.0011,34,64,0.531,"41,64,44,48,34,52,45"
MAD_1000_PC,1000,True,20,0.7953,Spectral,8,0.1356,79.2,1.997,30,64,0.469,"64,45,39,44,34,30,38,34"
MAD_1000_PC,1000,True,30,0.8337,KMeans,2,0.3633,230.3,1.1461,142,186,0.763,"186,142"
MAD_1000_PC,1000,True,30,0.8337,KMeans,3,0.247,151.2,1.6661,68,141,0.482,"119,141,68"
MAD_1000_PC,1000,True,30,0.8337,KMeans,4,0.1714,120.4,1.9581,67,120,0.558,"67,69,120,72"
MAD_1000_PC,1000,True,30,0.8337,KMeans,5,0.1536,103.0,1.984,54,72,0.75,"71,54,72,61,70"
MAD_1000_PC,1000,True,30,0.8337,KMeans,6,0.1449,88.5,2.0058,36,72,0.5,"45,69,68,72,38,36"
MAD_1000_PC,1000,True,30,0.8337,KMeans,7,0.1283,78.9,2.084,37,65,0.569,"39,47,37,55,65,46,39"
MAD_1000_PC,1000,True,30,0.8337,KMeans,8,0.1214,71.2,2.1463,31,51,0.608,"35,51,47,31,37,48,38,41"
MAD_1000_PC,1000,True,30,0.8337,Ward,2,0.3634,230.1,1.145,141,187,0.754,"187,141"
MAD_1000_PC,1000,True,30,0.8337,Ward,3,0.2413,149.4,1.718,72,141,0.511,"141,115,72"
MAD_1000_PC,1000,True,30,0.8337,Ward,4,0.1488,113.3,2.1821,55,115,0.478,"115,55,72,86"
MAD_1000_PC,1000,True,30,0.8337,Ward,5,0.1211,93.3,2.3033,54,86,0.628,"72,55,61,86,54"
MAD_1000_PC,1000,True,30,0.8337,Ward,6,0.1123,80.9,2.2167,24,86,0.279,"55,86,61,48,54,24"
MAD_1000_PC,1000,True,30,0.8337,Ward,7,0.1071,72.3,2.0961,24,86,0.279,"86,48,61,24,54,24,31"
MAD_1000_PC,1000,True,30,0.8337,Ward,8,0.1033,66.4,2.1463,24,61,0.393,"61,48,60,24,54,24,31,26"
MAD_1000_PC,1000,True,30,0.8337,GMM,2,0.3633,230.3,1.1461,142,186,0.763,"186,142"
MAD_1000_PC,1000,True,30,0.8337,GMM,3,0.2499,136.7,1.7721,70,186,0.376,"186,72,70"
MAD_1000_PC,1000,True,30,0.8337,GMM,4,0.1568,116.7,2.0684,69,112,0.616,"75,69,112,72"
MAD_1000_PC,1000,True,30,0.8337,Spectral,2,0.3634,230.1,1.145,141,187,0.754,"141,187"
MAD_1000_PC,1000,True,30,0.8337,Spectral,3,0.2379,149.5,1.744,84,141,0.596,"141,84,103"
MAD_1000_PC,1000,True,30,0.8337,Spectral,4,0.1591,117.2,2.0076,48,103,0.466,"103,93,84,48"
MAD_1000_PC,1000,True,30,0.8337,Spectral,5,0.1496,99.9,1.9801,48,93,0.516,"51,49,93,48,87"
MAD_1000_PC,1000,True,30,0.8337,Spectral,6,0.139,85.7,2.025,37,93,0.398,"93,64,48,40,37,46"
MAD_1000_PC,1000,True,30,0.8337,Spectral,7,0.1251,76.9,2.1297,37,64,0.578,"37,50,40,64,50,46,41"
MAD_1000_PC,1000,True,30,0.8337,Spectral,8,0.1223,69.7,2.0869,30,64,0.469,"35,64,45,46,37,30,31,40"
MAD_2000_PC,2000,True,10,0.7165,KMeans,2,0.3963,264.1,1.0427,142,186,0.763,"142,186"
MAD_2000_PC,2000,True,10,0.7165,KMeans,3,0.2974,188.6,1.4048,68,141,0.482,"141,68,119"
MAD_2000_PC,2000,True,10,0.7165,KMeans,4,0.2192,151.3,1.6505,58,120,0.483,"120,83,58,67"
MAD_2000_PC,2000,True,10,0.7165,KMeans,5,0.1978,133.7,1.6837,51,83,0.614,"83,71,51,58,65"
MAD_2000_PC,2000,True,10,0.7165,KMeans,6,0.1838,116.7,1.7262,38,71,0.535,"63,65,71,40,51,38"
MAD_2000_PC,2000,True,10,0.7165,KMeans,7,0.173,106.2,1.729,39,60,0.65,"60,42,55,42,47,43,39"
MAD_2000_PC,2000,True,10,0.7165,KMeans,8,0.1772,98.6,1.6051,7,64,0.109,"39,40,38,47,35,64,7,58"
MAD_2000_PC,2000,True,10,0.7165,Ward,2,0.3899,248.6,1.0711,143,185,0.773,"185,143"
MAD_2000_PC,2000,True,10,0.7165,Ward,3,0.2886,172.9,1.4159,61,143,0.427,"143,124,61"
MAD_2000_PC,2000,True,10,0.7165,Ward,4,0.2051,138.1,1.6864,53,124,0.427,"124,90,61,53"
MAD_2000_PC,2000,True,10,0.7165,Ward,5,0.1678,117.2,1.8447,53,90,0.589,"90,60,61,53,64"
MAD_2000_PC,2000,True,10,0.7165,Ward,6,0.1763,106.2,1.7093,8,82,0.098,"61,60,82,53,64,8"
MAD_2000_PC,2000,True,10,0.7165,Ward,7,0.1657,96.7,1.7047,8,82,0.098,"60,34,82,53,64,8,27"
MAD_2000_PC,2000,True,10,0.7165,Ward,8,0.1677,89.0,1.6608,8,82,0.098,"82,34,8,53,64,39,27,21"
MAD_2000_PC,2000,True,10,0.7165,GMM,2,0.3964,263.6,1.0418,141,187,0.754,"141,187"
MAD_2000_PC,2000,True,10,0.7165,GMM,3,0.2332,152.8,1.9559,57,141,0.404,"57,141,130"
MAD_2000_PC,2000,True,10,0.7165,GMM,4,0.1348,120.0,2.1482,57,130,0.438,"130,57,57,84"
MAD_2000_PC,2000,True,10,0.7165,GMM,5,0.1579,99.1,2.3469,29,112,0.259,"102,29,46,39,112"
MAD_2000_PC,2000,True,10,0.7165,GMM,6,0.1183,85.8,2.1369,20,100,0.2,"20,46,50,41,100,71"
MAD_2000_PC,2000,True,10,0.7165,GMM,7,0.1183,82.3,2.0054,22,87,0.253,"35,22,63,87,23,66,32"
MAD_2000_PC,2000,True,10,0.7165,Spectral,2,0.3964,263.6,1.0418,141,187,0.754,"141,187"
MAD_2000_PC,2000,True,10,0.7165,Spectral,3,0.3009,187.7,1.3887,63,141,0.447,"141,124,63"
MAD_2000_PC,2000,True,10,0.7165,Spectral,4,0.2223,148.7,1.6085,42,124,0.339,"42,63,124,99"
MAD_2000_PC,2000,True,10,0.7165,Spectral,5,0.2025,129.7,1.6578,42,99,0.424,"99,52,91,42,44"
MAD_2000_PC,2000,True,10,0.7165,Spectral,6,0.1842,114.1,1.722,41,91,0.451,"59,52,44,41,41,91"
MAD_2000_PC,2000,True,10,0.7165,Spectral,7,0.1702,103.2,1.7664,37,64,0.578,"41,43,41,37,43,59,64"
MAD_2000_PC,2000,True,10,0.7165,Spectral,8,0.1713,95.1,1.7048,31,64,0.484,"64,31,41,37,43,33,43,36"
MAD_2000_PC,2000,True,20,0.7889,KMeans,2,0.3578,223.3,1.1524,142,186,0.763,"142,186"
MAD_2000_PC,2000,True,20,0.7889,KMeans,3,0.2567,155.0,1.5749,71,141,0.504,"141,71,116"
MAD_2000_PC,2000,True,20,0.7889,KMeans,4,0.1834,122.2,1.8607,58,119,0.487,"83,119,68,58"
MAD_2000_PC,2000,True,20,0.7889,KMeans,5,0.164,105.8,1.9018,55,83,0.663,"73,58,59,55,83"
MAD_2000_PC,2000,True,20,0.7889,KMeans,6,0.1535,91.3,1.8929,31,82,0.378,"37,59,74,82,31,45"
MAD_2000_PC,2000,True,20,0.7889,KMeans,7,0.1588,82.2,1.7435,7,78,0.09,"29,60,71,78,7,44,39"
MAD_2000_PC,2000,True,20,0.7889,KMeans,8,0.1458,75.8,1.8172,6,70,0.086,"6,70,53,29,45,37,39,49"
MAD_2000_PC,2000,True,20,0.7889,Ward,2,0.3549,219.2,1.1549,139,189,0.735,"189,139"
MAD_2000_PC,2000,True,20,0.7889,Ward,3,0.2576,147.7,1.4671,45,144,0.312,"139,144,45"
MAD_2000_PC,2000,True,20,0.7889,Ward,4,0.1647,114.4,1.8559,45,144,0.312,"144,74,45,65"
MAD_2000_PC,2000,True,20,0.7889,Ward,5,0.142,97.2,2.0933,45,97,0.464,"47,97,45,65,74"
MAD_2000_PC,2000,True,20,0.7889,Ward,6,0.1416,84.4,1.842,4,97,0.041,"97,74,45,65,43,4"
MAD_2000_PC,2000,True,20,0.7889,Ward,7,0.1363,76.0,1.9792,4,74,0.054,"74,65,45,55,43,4,42"
MAD_2000_PC,2000,True,20,0.7889,Ward,8,0.1202,69.6,1.9519,4,65,0.062,"65,43,45,55,46,4,42,28"
MAD_2000_PC,2000,True,20,0.7889,GMM,2,0.3579,222.9,1.1516,141,187,0.754,"141,187"
MAD_2000_PC,2000,True,20,0.7889,GMM,3,0.229,142.1,1.8451,84,141,0.596,"141,103,84"
MAD_2000_PC,2000,True,20,0.7889,GMM,4,0.1344,108.1,2.2321,61,95,0.642,"61,92,80,95"
MAD_2000_PC,2000,True,20,0.7889,GMM,5,0.1292,88.8,2.1807,35,99,0.354,"35,88,41,99,65"
MAD_2000_PC,2000,True,20,0.7889,GMM,6,0.1374,87.0,2.0447,40,81,0.494,"40,54,46,81,52,55"
MAD_2000_PC,2000,True,20,0.7889,GMM,7,0.1317,79.2,1.9632,29,78,0.372,"32,39,38,78,29,71,41"
MAD_2000_PC,2000,True,20,0.7889,Spectral,2,0.3579,222.9,1.1516,141,187,0.754,"141,187"
MAD_2000_PC,2000,True,20,0.7889,Spectral,3,0.2622,154.4,1.538,62,141,0.44,"141,125,62"
MAD_2000_PC,2000,True,20,0.7889,Spectral,4,0.1849,120.2,1.7858,40,125,0.32,"40,62,125,101"
MAD_2000_PC,2000,True,20,0.7889,Spectral,5,0.1621,103.2,1.8942,40,101,0.396,"40,81,55,101,51"
MAD_2000_PC,2000,True,20,0.7889,Spectral,6,0.1504,87.0,1.9211,37,102,0.363,"102,40,37,62,45,42"
MAD_2000_PC,2000,True,20,0.7889,Spectral,7,0.1368,80.1,2.0333,37,62,0.597,"41,60,42,37,46,40,62"
MAD_2000_PC,2000,True,20,0.7889,Spectral,8,0.125,71.4,1.9749,23,67,0.343,"67,40,33,23,33,60,31,41"
MAD_2000_PC,2000,True,30,0.8266,KMeans,2,0.3416,206.7,1.2034,142,186,0.763,"142,186"
MAD_2000_PC,2000,True,30,0.8266,KMeans,3,0.2419,141.8,1.6307,68,141,0.482,"68,119,141"
MAD_2000_PC,2000,True,30,0.8266,KMeans,4,0.1697,111.0,1.9519,58,121,0.479,"83,121,58,66"
MAD_2000_PC,2000,True,30,0.8266,KMeans,5,0.151,95.5,2.0154,50,83,0.602,"58,83,65,50,72"
MAD_2000_PC,2000,True,30,0.8266,KMeans,6,0.1395,82.1,2.0117,33,83,0.398,"46,83,71,37,58,33"
MAD_2000_PC,2000,True,30,0.8266,KMeans,7,0.1448,73.4,1.8692,7,81,0.086,"40,81,45,57,7,63,35"
MAD_2000_PC,2000,True,30,0.8266,KMeans,8,0.1218,66.8,1.987,27,62,0.435,"62,37,27,54,38,34,31,45"
MAD_2000_PC,2000,True,30,0.8266,Ward,2,0.3388,203.0,1.2061,139,189,0.735,"189,139"
MAD_2000_PC,2000,True,30,0.8266,Ward,3,0.2072,126.0,1.9837,71,139,0.511,"118,139,71"
MAD_2000_PC,2000,True,30,0.8266,Ward,4,0.1987,98.0,1.8892,51,139,0.367,"139,67,71,51"
MAD_2000_PC,2000,True,30,0.8266,Ward,5,0.1284,84.9,2.1365,51,86,0.593,"71,67,86,51,53"
MAD_2000_PC,2000,True,30,0.8266,Ward,6,0.1133,75.0,2.1157,22,86,0.256,"67,51,86,49,53,22"
MAD_2000_PC,2000,True,30,0.8266,Ward,7,0.1224,67.8,1.9198,4,86,0.047,"63,51,86,49,53,22,4"
MAD_2000_PC,2000,True,30,0.8266,Ward,8,0.1222,62.4,1.8875,4,86,0.047,"86,51,33,49,53,22,4,30"
MAD_2000_PC,2000,True,30,0.8266,GMM,2,0.3416,206.7,1.2034,142,186,0.763,"142,186"
MAD_2000_PC,2000,True,30,0.8266,GMM,3,0.2306,121.6,1.8232,57,186,0.306,"85,186,57"
MAD_2000_PC,2000,True,30,0.8266,GMM,4,0.1589,108.7,2.0358,57,106,0.538,"57,81,84,106"
MAD_2000_PC,2000,True,30,0.8266,GMM,5,0.1967,87.3,1.7953,29,141,0.206,"70,141,43,29,45"
MAD_2000_PC,2000,True,30,0.8266,Spectral,2,0.3416,206.3,1.2026,141,187,0.754,"141,187"
MAD_2000_PC,2000,True,30,0.8266,Spectral,3,0.2457,141.1,1.6044,61,141,0.433,"141,126,61"
MAD_2000_PC,2000,True,30,0.8266,Spectral,4,0.1692,109.0,1.9051,42,126,0.333,"42,61,126,99"
MAD_2000_PC,2000,True,30,0.8266,Spectral,5,0.1492,92.9,1.9986,42,99,0.424,"47,88,99,52,42"
MAD_2000_PC,2000,True,30,0.8266,Spectral,6,0.1346,77.9,2.0312,35,100,0.35,"100,68,42,35,43,40"
MAD_2000_PC,2000,True,30,0.8266,Spectral,7,0.1256,71.8,2.139,35,67,0.522,"44,43,67,42,35,46,51"
MAD_2000_PC,2000,True,30,0.8266,Spectral,8,0.1261,65.4,2.0795,31,67,0.463,"36,42,35,31,41,67,43,33"
MAD_3000_PC,3000,True,10,0.7202,KMeans,2,0.3832,247.4,1.0703,142,186,0.763,"142,186"
MAD_3000_PC,3000,True,10,0.7202,KMeans,3,0.3015,187.5,1.3369,66,141,0.468,"121,141,66"
MAD_3000_PC,3000,True,10,0.7202,KMeans,4,0.2195,148.5,1.6422,65,121,0.537,"66,65,121,76"
MAD_3000_PC,3000,True,10,0.7202,KMeans,5,0.192,129.6,1.742,51,76,0.671,"76,63,65,73,51"
MAD_3000_PC,3000,True,10,0.7202,KMeans,6,0.1754,113.1,1.7105,24,72,0.333,"59,57,72,47,69,24"
MAD_3000_PC,3000,True,10,0.7202,KMeans,7,0.1857,102.8,1.5532,7,84,0.083,"54,64,84,45,25,7,49"
MAD_3000_PC,3000,True,10,0.7202,KMeans,8,0.1895,96.2,1.5052,7,86,0.081,"29,86,24,52,50,43,37,7"
MAD_3000_PC,3000,True,10,0.7202,Ward,2,0.3801,242.2,1.0725,139,189,0.735,"189,139"
MAD_3000_PC,3000,True,10,0.7202,Ward,3,0.2798,173.5,1.4978,81,139,0.583,"81,139,108"
MAD_3000_PC,3000,True,10,0.7202,Ward,4,0.2433,132.5,1.6424,23,139,0.165,"108,139,58,23"
MAD_3000_PC,3000,True,10,0.7202,Ward,5,0.2274,112.9,1.6208,23,139,0.165,"139,47,58,23,61"
MAD_3000_PC,3000,True,10,0.7202,Ward,6,0.164,102.1,1.7175,23,114,0.202,"114,47,58,23,61,25"
MAD_3000_PC,3000,True,10,0.7202,Ward,7,0.142,93.9,1.7383,23,90,0.256,"47,90,58,23,61,25,24"
MAD_3000_PC,3000,True,10,0.7202,Ward,8,0.1528,88.8,1.5832,4,90,0.044,"58,90,43,23,61,25,24,4"
MAD_3000_PC,3000,True,10,0.7202,GMM,2,0.3834,246.9,1.0693,141,187,0.754,"141,187"
MAD_3000_PC,3000,True,10,0.7202,GMM,3,0.2234,144.9,1.8058,49,141,0.348,"138,141,49"
MAD_3000_PC,3000,True,10,0.7202,GMM,4,0.1301,113.1,2.2876,65,104,0.625,"65,104,76,83"
MAD_3000_PC,3000,True,10,0.7202,GMM,5,0.1306,94.4,2.1845,23,122,0.189,"74,42,67,122,23"
MAD_3000_PC,3000,True,10,0.7202,GMM,6,0.1089,79.2,2.2923,19,95,0.2,"79,95,68,27,19,40"
MAD_3000_PC,3000,True,10,0.7202,Spectral,2,0.3834,246.9,1.0693,141,187,0.754,"141,187"
MAD_3000_PC,3000,True,10,0.7202,Spectral,3,0.3051,184.9,1.2987,56,141,0.397,"141,131,56"
MAD_3000_PC,3000,True,10,0.7202,Spectral,4,0.2188,145.5,1.6015,52,131,0.397,"89,131,52,56"
MAD_3000_PC,3000,True,10,0.7202,Spectral,5,0.195,125.8,1.7236,44,93,0.473,"50,90,93,44,51"
MAD_3000_PC,3000,True,10,0.7202,Spectral,6,0.1766,109.4,1.7576,41,93,0.441,"50,93,53,47,41,44"
MAD_3000_PC,3000,True,10,0.7202,Spectral,7,0.159,100.7,1.7631,34,60,0.567,"47,60,34,41,52,53,41"
MAD_3000_PC,3000,True,10,0.7202,Spectral,8,0.1631,93.6,1.6787,24,53,0.453,"41,52,53,24,33,47,32,46"
MAD_3000_PC,3000,True,20,0.7911,KMeans,2,0.3464,210.9,1.1789,142,186,0.763,"142,186"
MAD_3000_PC,3000,True,20,0.7911,KMeans,3,0.2625,154.9,1.4837,66,141,0.468,"121,141,66"
MAD_3000_PC,3000,True,20,0.7911,KMeans,4,0.1869,120.8,1.8301,61,123,0.496,"80,64,123,61"
MAD_3000_PC,3000,True,20,0.7911,KMeans,5,0.1604,103.6,1.9607,51,80,0.637,"64,80,51,72,61"
MAD_3000_PC,3000,True,20,0.7911,KMeans,6,0.1453,89.7,1.9368,25,72,0.347,"69,57,42,63,25,72"
MAD_3000_PC,3000,True,20,0.7911,KMeans,7,0.1491,80.7,1.7784,7,77,0.091,"77,49,69,25,40,7,61"
MAD_3000_PC,3000,True,20,0.7911,KMeans,8,0.137,74.1,1.9423,24,57,0.421,"57,41,24,33,55,37,34,47"
MAD_3000_PC,3000,True,20,0.7911,Ward,2,0.3434,206.8,1.1817,139,189,0.735,"189,139"
MAD_3000_PC,3000,True,20,0.7911,Ward,3,0.2398,145.1,1.6814,93,139,0.669,"139,93,96"
MAD_3000_PC,3000,True,20,0.7911,Ward,4,0.1611,111.8,2.0044,68,96,0.708,"93,71,96,68"
MAD_3000_PC,3000,True,20,0.7911,Ward,5,0.1269,95.2,2.1058,25,96,0.26,"96,71,68,68,25"
MAD_3000_PC,3000,True,20,0.7911,Ward,6,0.1309,83.9,2.0437,25,71,0.352,"65,71,68,68,25,31"
MAD_3000_PC,3000,True,20,0.7911,Ward,7,0.138,76.6,1.8244,4,71,0.056,"71,68,68,61,25,31,4"
MAD_3000_PC,3000,True,20,0.7911,Ward,8,0.1228,70.4,1.8365,4,68,0.059,"68,68,31,61,25,38,4,33"
MAD_3000_PC,3000,True,20,0.7911,GMM,2,0.3464,210.5,1.1781,141,187,0.754,"141,187"
MAD_3000_PC,3000,True,20,0.7911,GMM,3,0.2319,135.5,1.8201,67,141,0.475,"120,141,67"
MAD_3000_PC,3000,True,20,0.7911,GMM,4,0.1429,103.4,2.1577,51,120,0.425,"51,120,67,90"
MAD_3000_PC,3000,True,20,0.7911,GMM,6,0.1304,84.9,2.0362,29,80,0.362,"43,80,29,40,75,61"
MAD_3000_PC,3000,True,20,0.7911,GMM,7,0.1317,77.6,2.0072,30,78,0.385,"30,35,38,78,31,73,43"
MAD_3000_PC,3000,True,20,0.7911,Spectral,2,0.3464,210.5,1.1781,141,187,0.754,"141,187"
MAD_3000_PC,3000,True,20,0.7911,Spectral,3,0.2655,152.5,1.4538,57,141,0.404,"141,130,57"
MAD_3000_PC,3000,True,20,0.7911,Spectral,4,0.184,118.1,1.7972,49,130,0.377,"49,57,130,92"
MAD_3000_PC,3000,True,20,0.7911,Spectral,5,0.1587,101.8,1.9658,49,92,0.533,"49,70,92,68,49"
MAD_3000_PC,3000,True,20,0.7911,Spectral,6,0.1424,87.6,2.0545,41,70,0.586,"70,68,41,46,49,54"
MAD_3000_PC,3000,True,20,0.7911,Spectral,7,0.1236,78.4,2.0087,30,70,0.429,"46,30,40,54,70,41,47"
MAD_3000_PC,3000,True,20,0.7911,Spectral,8,0.1279,71.9,1.9532,24,58,0.414,"46,34,58,24,41,54,30,41"
MAD_3000_PC,3000,True,30,0.8281,KMeans,2,0.3311,195.9,1.2289,142,186,0.763,"142,186"
MAD_3000_PC,3000,True,30,0.8281,KMeans,3,0.2468,142.1,1.5492,66,141,0.468,"66,141,121"
MAD_3000_PC,3000,True,30,0.8281,KMeans,4,0.1732,110.0,1.9346,64,122,0.525,"122,64,65,77"
MAD_3000_PC,3000,True,30,0.8281,KMeans,5,0.1488,93.8,2.0685,51,80,0.637,"63,80,51,73,61"
MAD_3000_PC,3000,True,30,0.8281,KMeans,6,0.1362,80.7,1.9956,22,91,0.242,"64,43,22,50,91,58"
MAD_3000_PC,3000,True,30,0.8281,KMeans,7,0.134,72.3,1.8988,5,73,0.068,"65,50,45,44,46,73,5"
MAD_3000_PC,3000,True,30,0.8281,KMeans,8,0.1395,66.7,1.8404,5,79,0.063,"43,39,79,43,59,24,36,5"
MAD_3000_PC,3000,True,30,0.8281,Ward,2,0.3282,192.1,1.2318,139,189,0.735,"189,139"
MAD_3000_PC,3000,True,30,0.8281,Ward,3,0.2503,133.0,1.3813,35,154,0.227,"154,139,35"
MAD_3000_PC,3000,True,30,0.8281,Ward,4,0.2015,100.0,1.9914,35,139,0.252,"139,57,35,97"
MAD_3000_PC,3000,True,30,0.8281,Ward,5,0.1274,84.3,2.2167,35,102,0.343,"57,97,35,102,37"
MAD_3000_PC,3000,True,30,0.8281,Ward,6,0.1296,73.6,1.9486,4,102,0.039,"97,102,35,53,37,4"
MAD_3000_PC,3000,True,30,0.8281,Ward,7,0.1192,66.7,1.995,4,102,0.039,"102,53,35,50,37,4,47"
MAD_3000_PC,3000,True,30,0.8281,Ward,8,0.103,61.5,2.0767,4,73,0.055,"53,73,35,50,37,4,47,29"
MAD_3000_PC,3000,True,30,0.8281,GMM,2,0.3311,195.9,1.2289,142,186,0.763,"142,186"
MAD_3000_PC,3000,True,30,0.8281,GMM,3,0.2147,112.9,1.9466,54,186,0.29,"54,186,88"
MAD_3000_PC,3000,True,30,0.8281,GMM,4,0.1309,96.7,2.2527,53,98,0.541,"53,98,88,89"
MAD_3000_PC,3000,True,30,0.8281,Spectral,2,0.3311,195.5,1.228,141,187,0.754,"141,187"
MAD_3000_PC,3000,True,30,0.8281,Spectral,3,0.2512,140.7,1.5116,57,141,0.404,"141,130,57"
MAD_3000_PC,3000,True,30,0.8281,Spectral,4,0.1722,107.9,1.8709,45,130,0.346,"45,57,130,96"
MAD_3000_PC,3000,True,30,0.8281,Spectral,5,0.1464,92.2,2.0481,45,96,0.469,"96,65,72,45,50"
MAD_3000_PC,3000,True,30,0.8281,Spectral,6,0.1319,79.4,2.1117,38,72,0.528,"38,72,41,62,50,65"
MAD_3000_PC,3000,True,30,0.8281,Spectral,7,0.1148,70.7,2.0891,32,65,0.492,"38,41,51,32,65,62,39"
MAD_3000_PC,3000,True,30,0.8281,Spectral,8,0.1197,65.0,1.9937,23,62,0.371,"62,46,23,41,56,38,33,29"
MAD_5000_PC,5000,True,10,0.7273,KMeans,2,0.3644,225.0,1.1138,143,185,0.773,"185,143"
MAD_5000_PC,5000,True,10,0.7273,KMeans,3,0.3071,188.9,1.2636,68,141,0.482,"119,141,68"
MAD_5000_PC,5000,True,10,0.7273,KMeans,4,0.2234,147.4,1.6214,66,118,0.559,"118,75,69,66"
MAD_5000_PC,5000,True,10,0.7273,KMeans,5,0.1823,126.9,1.7232,25,84,0.298,"62,84,25,78,79"
MAD_5000_PC,5000,True,10,0.7273,KMeans,6,0.1758,113.2,1.7134,25,80,0.312,"61,80,61,40,61,25"
MAD_5000_PC,5000,True,10,0.7273,KMeans,7,0.1802,102.9,1.5798,7,72,0.097,"72,60,66,25,7,38,60"
MAD_5000_PC,5000,True,10,0.7273,KMeans,8,0.1747,95.4,1.693,27,67,0.403,"37,45,37,29,32,27,67,54"
MAD_5000_PC,5000,True,10,0.7273,Ward,2,0.3616,219.4,1.1158,139,189,0.735,"189,139"
MAD_5000_PC,5000,True,10,0.7273,Ward,3,0.3102,171.6,1.134,32,157,0.204,"157,139,32"
MAD_5000_PC,5000,True,10,0.7273,Ward,4,0.2411,136.6,1.6763,32,139,0.23,"139,80,32,77"
MAD_5000_PC,5000,True,10,0.7273,Ward,5,0.1677,117.4,1.8124,32,104,0.308,"80,77,32,104,35"
MAD_5000_PC,5000,True,10,0.7273,Ward,6,0.1588,103.8,1.6772,28,104,0.269,"77,104,32,52,35,28"
MAD_5000_PC,5000,True,10,0.7273,Ward,7,0.1709,95.8,1.5559,6,104,0.058,"71,104,32,52,35,28,6"
MAD_5000_PC,5000,True,10,0.7273,Ward,8,0.174,88.7,1.6233,6,104,0.058,"104,35,32,52,26,28,6,45"
MAD_5000_PC,5000,True,10,0.7273,GMM,2,0.3654,224.5,1.1109,141,187,0.754,"187,141"
MAD_5000_PC,5000,True,10,0.7273,GMM,3,0.261,119.2,2.3788,26,187,0.139,"187,26,115"
MAD_5000_PC,5000,True,10,0.7273,GMM,4,0.1407,94.1,2.768,25,116,0.216,"116,108,79,25"
MAD_5000_PC,5000,True,10,0.7273,GMM,5,0.1145,73.8,3.3512,26,115,0.226,"41,115,90,56,26"
MAD_5000_PC,5000,True,10,0.7273,Spectral,2,0.3654,224.5,1.1109,141,187,0.754,"141,187"
MAD_5000_PC,5000,True,10,0.7273,Spectral,3,0.312,185.7,1.2129,53,141,0.376,"141,134,53"
MAD_5000_PC,5000,True,10,0.7273,Spectral,4,0.2205,144.1,1.5847,53,134,0.396,"83,134,53,58"
MAD_5000_PC,5000,True,10,0.7273,Spectral,5,0.1833,123.1,1.847,48,83,0.578,"83,76,48,63,58"
MAD_5000_PC,5000,True,10,0.7273,Spectral,6,0.1721,109.5,1.6772,21,83,0.253,"83,45,58,82,21,39"
MAD_5000_PC,5000,True,10,0.7273,Spectral,7,0.1626,99.4,1.6983,21,82,0.256,"46,40,45,39,82,21,55"
MAD_5000_PC,5000,True,10,0.7273,Spectral,8,0.168,92.8,1.703,23,60,0.383,"46,60,44,55,40,30,30,23"
MAD_5000_PC,5000,True,20,0.797,KMeans,2,0.33,193.8,1.2212,143,185,0.773,"143,185"
MAD_5000_PC,5000,True,20,0.797,KMeans,3,0.2692,156.8,1.3981,68,141,0.482,"141,119,68"
MAD_5000_PC,5000,True,20,0.797,KMeans,4,0.1923,120.6,1.8163,67,119,0.563,"119,74,67,68"
MAD_5000_PC,5000,True,20,0.797,KMeans,5,0.1542,102.7,1.9296,25,85,0.294,"25,80,77,85,61"
MAD_5000_PC,5000,True,20,0.797,KMeans,6,0.1463,90.3,1.9443,25,72,0.347,"61,69,39,62,72,25"
MAD_5000_PC,5000,True,20,0.797,KMeans,7,0.1482,81.3,1.7921,6,69,0.087,"26,69,61,69,56,41,6"
MAD_5000_PC,5000,True,20,0.797,KMeans,8,0.1417,75.1,1.8052,5,65,0.077,"54,37,42,61,28,36,5,65"
MAD_5000_PC,5000,True,20,0.797,Ward,2,0.3271,189.2,1.224,139,189,0.735,"189,139"
MAD_5000_PC,5000,True,20,0.797,Ward,3,0.2427,140.8,1.6146,84,139,0.604,"105,139,84"
MAD_5000_PC,5000,True,20,0.797,Ward,4,0.2174,112.2,1.6936,21,139,0.151,"139,84,84,21"
MAD_5000_PC,5000,True,20,0.797,Ward,5,0.1432,94.4,1.9081,21,105,0.2,"84,84,105,21,34"
MAD_5000_PC,5000,True,20,0.797,Ward,6,0.1506,82.7,1.7139,4,105,0.038,"84,80,105,21,34,4"
MAD_5000_PC,5000,True,20,0.797,Ward,7,0.1474,75.4,1.6927,4,105,0.038,"80,34,105,21,33,4,51"
MAD_5000_PC,5000,True,20,0.797,Ward,8,0.1475,69.7,1.7918,4,105,0.038,"105,34,30,50,33,4,51,21"
MAD_5000_PC,5000,True,20,0.797,GMM,2,0.3307,193.3,1.2185,141,187,0.754,"141,187"
MAD_5000_PC,5000,True,20,0.797,GMM,3,0.2455,137.3,1.5862,58,141,0.411,"141,129,58"
MAD_5000_PC,5000,True,20,0.797,GMM,4,0.1446,102.2,2.1533,59,128,0.461,"73,68,128,59"
MAD_5000_PC,5000,True,20,0.797,GMM,5,0.1173,86.5,2.1916,37,99,0.374,"55,42,95,99,37"
MAD_5000_PC,5000,True,20,0.797,Spectral,2,0.3307,193.3,1.2185,141,187,0.754,"141,187"
MAD_5000_PC,5000,True,20,0.797,Spectral,3,0.2737,154.1,1.3409,53,141,0.376,"53,141,134"
MAD_5000_PC,5000,True,20,0.797,Spectral,4,0.1886,117.0,1.6917,40,137,0.292,"137,50,40,101"
MAD_5000_PC,5000,True,20,0.797,Spectral,5,0.154,98.8,2.0106,40,101,0.396,"63,47,40,101,77"
MAD_5000_PC,5000,True,20,0.797,Spectral,6,0.1418,86.8,1.8534,21,103,0.204,"38,103,78,48,21,40"
MAD_5000_PC,5000,True,20,0.797,Spectral,7,0.1316,78.9,1.9446,21,77,0.273,"40,41,50,48,77,51,21"
MAD_5000_PC,5000,True,20,0.797,Spectral,8,0.1342,72.9,1.9488,21,60,0.35,"46,60,32,21,48,35,53,33"
MAD_5000_PC,5000,True,30,0.8329,KMeans,2,0.3157,180.8,1.2703,143,185,0.773,"143,185"
MAD_5000_PC,5000,True,30,0.8329,KMeans,3,0.254,144.1,1.4581,68,141,0.482,"119,141,68"
MAD_5000_PC,5000,True,30,0.8329,KMeans,4,0.1802,110.3,1.9036,67,119,0.563,"119,74,67,68"
MAD_5000_PC,5000,True,30,0.8329,KMeans,5,0.1418,93.4,2.0433,26,84,0.31,"84,69,77,26,72"
MAD_5000_PC,5000,True,30,0.8329,KMeans,6,0.1352,81.6,2.0288,25,82,0.305,"66,59,61,25,82,35"
MAD_5000_PC,5000,True,30,0.8329,KMeans,7,0.1418,73.4,1.8216,4,71,0.056,"71,25,65,63,4,68,32"
MAD_5000_PC,5000,True,30,0.8329,KMeans,8,0.1402,67.4,1.8253,5,69,0.072,"31,69,48,56,69,24,5,26"
MAD_5000_PC,5000,True,30,0.8329,Ward,2,0.3129,176.6,1.2732,139,189,0.735,"189,139"
MAD_5000_PC,5000,True,30,0.8329,Ward,3,0.256,137.3,1.3623,45,144,0.312,"139,144,45"
MAD_5000_PC,5000,True,30,0.8329,Ward,4,0.1781,103.7,1.7291,36,144,0.25,"144,103,45,36"
MAD_5000_PC,5000,True,30,0.8329,Ward,5,0.1194,86.5,2.208,36,103,0.35,"95,103,45,36,49"
MAD_5000_PC,5000,True,30,0.8329,Ward,6,0.1288,75.6,1.9823,4,103,0.039,"91,103,45,36,49,4"
MAD_5000_PC,5000,True,30,0.8329,Ward,7,0.1318,68.3,1.9729,4,103,0.039,"103,55,45,36,49,4,36"
MAD_5000_PC,5000,True,30,0.8329,Ward,8,0.1161,62.8,2.0187,4,78,0.051,"55,78,45,36,49,4,36,25"
MAD_5000_PC,5000,True,30,0.8329,GMM,2,0.3162,180.7,1.2689,142,186,0.763,"142,186"
MAD_5000_PC,5000,True,30,0.8329,GMM,3,0.2298,132.5,1.6351,79,141,0.56,"108,141,79"
MAD_5000_PC,5000,True,30,0.8329,Spectral,2,0.3163,180.4,1.2677,141,187,0.754,"141,187"
MAD_5000_PC,5000,True,30,0.8329,Spectral,3,0.2613,141.9,1.3587,48,141,0.34,"141,139,48"
MAD_5000_PC,5000,True,30,0.8329,Spectral,4,0.1751,107.6,1.8207,48,139,0.345,"51,139,90,48"
MAD_5000_PC,5000,True,30,0.8329,Spectral,5,0.1426,90.5,2.186,47,84,0.56,"57,63,77,47,84"
MAD_5000_PC,5000,True,30,0.8329,Spectral,6,0.1322,79.5,2.0035,22,84,0.262,"43,22,45,57,84,77"
MAD_5000_PC,5000,True,30,0.8329,Spectral,7,0.1195,70.9,2.0131,21,78,0.269,"21,43,44,57,40,78,45"
MAD_5000_PC,5000,True,30,0.8329,Spectral,8,0.1219,65.5,2.0084,23,58,0.397,"44,40,46,31,57,29,23,58"
MAD_2000_ALL,2000,False,10,0.7655,KMeans,2,0.5533,564.2,0.694,141,187,0.754,"141,187"
MAD_2000_ALL,2000,False,10,0.7655,KMeans,3,0.4329,435.3,1.0759,83,141,0.589,"141,104,83"
MAD_2000_ALL,2000,False,10,0.7655,KMeans,4,0.258,330.0,1.4703,65,102,0.637,"65,102,85,76"
MAD_2000_ALL,2000,False,10,0.7655,KMeans,5,0.2056,282.7,1.6393,57,76,0.75,"65,70,76,60,57"
MAD_2000_ALL,2000,False,10,0.7655,KMeans,6,0.2054,247.0,1.5828,31,76,0.408,"40,65,54,62,76,31"
MAD_2000_ALL,2000,False,10,0.7655,KMeans,7,0.2028,222.1,1.5881,21,73,0.288,"73,21,40,47,49,68,30"
MAD_2000_ALL,2000,False,10,0.7655,KMeans,8,0.1821,201.9,1.5853,21,62,0.339,"49,62,47,38,40,21,30,41"
MAD_2000_ALL,2000,False,10,0.7655,Ward,2,0.5533,564.2,0.694,141,187,0.754,"187,141"
MAD_2000_ALL,2000,False,10,0.7655,Ward,3,0.4224,420.9,1.1155,77,141,0.546,"110,141,77"
MAD_2000_ALL,2000,False,10,0.7655,Ward,4,0.3633,317.1,1.4231,48,141,0.34,"141,62,77,48"
MAD_2000_ALL,2000,False,10,0.7655,Ward,5,0.1851,265.2,1.7049,44,97,0.454,"77,62,97,48,44"
MAD_2000_ALL,2000,False,10,0.7655,Ward,6,0.1727,227.3,1.7775,24,97,0.247,"62,53,97,48,44,24"
MAD_2000_ALL,2000,False,10,0.7655,Ward,7,0.1656,202.7,1.7302,24,97,0.247,"97,53,34,48,44,24,28"
MAD_2000_ALL,2000,False,10,0.7655,Ward,8,0.1455,186.3,1.7659,24,60,0.4,"53,48,34,60,44,24,28,37"
MAD_2000_ALL,2000,False,10,0.7655,GMM,2,0.5533,564.2,0.694,141,187,0.754,"141,187"
MAD_2000_ALL,2000,False,10,0.7655,GMM,3,0.3616,330.5,1.4526,37,150,0.247,"37,141,150"
MAD_2000_ALL,2000,False,10,0.7655,GMM,4,0.1706,237.1,1.8071,33,154,0.214,"33,43,154,98"
MAD_2000_ALL,2000,False,10,0.7655,GMM,5,0.1037,196.5,2.2345,33,105,0.314,"77,33,49,64,105"
MAD_2000_ALL,2000,False,10,0.7655,GMM,6,0.1159,178.1,2.0491,21,98,0.214,"63,22,21,34,98,90"
MAD_2000_ALL,2000,False,10,0.7655,Spectral,2,0.5533,564.2,0.694,141,187,0.754,"141,187"
MAD_2000_ALL,2000,False,10,0.7655,Spectral,3,0.4288,432.6,1.0885,91,141,0.645,"91,141,96"
MAD_2000_ALL,2000,False,10,0.7655,Spectral,4,0.2575,326.1,1.4696,51,96,0.531,"91,51,90,96"
MAD_2000_ALL,2000,False,10,0.7655,Spectral,5,0.2113,273.3,1.6309,55,86,0.64,"68,56,55,63,86"
MAD_2000_ALL,2000,False,10,0.7655,Spectral,6,0.1982,241.4,1.5616,19,86,0.221,"53,68,19,86,55,47"
MAD_2000_ALL,2000,False,10,0.7655,Spectral,7,0.1751,212.1,1.6174,19,69,0.275,"35,69,66,55,47,37,19"
MAD_2000_ALL,2000,False,10,0.7655,Spectral,8,0.1787,197.4,1.6101,19,68,0.279,"38,68,59,45,19,32,35,32"
MAD_2000_ALL,2000,False,20,0.8172,KMeans,2,0.515,476.4,0.7692,141,187,0.754,"141,187"
MAD_2000_ALL,2000,False,20,0.8172,KMeans,3,0.3923,348.9,1.2115,83,141,0.589,"141,104,83"
MAD_2000_ALL,2000,False,20,0.8172,KMeans,4,0.2183,259.5,1.6924,65,104,0.625,"65,104,83,76"
MAD_2000_ALL,2000,False,20,0.8172,KMeans,5,0.1662,217.4,1.9025,56,74,0.757,"62,74,69,56,67"
MAD_2000_ALL,2000,False,20,0.8172,KMeans,6,0.1663,187.0,1.8142,31,75,0.413,"66,54,60,42,75,31"
MAD_2000_ALL,2000,False,20,0.8172,KMeans,7,0.1608,165.9,1.858,21,75,0.28,"66,47,37,75,51,21,31"
MAD_2000_ALL,2000,False,20,0.8172,KMeans,8,0.1463,148.9,1.9172,20,53,0.377,"38,52,47,50,20,30,38,53"
MAD_2000_ALL,2000,False,20,0.8172,Ward,2,0.515,476.4,0.7692,141,187,0.754,"187,141"
MAD_2000_ALL,2000,False,20,0.8172,Ward,3,0.3838,336.6,1.2426,68,141,0.482,"119,141,68"
MAD_2000_ALL,2000,False,20,0.8172,Ward,4,0.3275,252.2,1.6218,48,141,0.34,"141,71,68,48"
MAD_2000_ALL,2000,False,20,0.8172,Ward,5,0.1512,206.5,1.9457,40,101,0.396,"71,101,68,48,40"
MAD_2000_ALL,2000,False,20,0.8172,Ward,6,0.1484,177.9,1.8067,23,101,0.228,"101,48,68,48,40,23"
MAD_2000_ALL,2000,False,20,0.8172,Ward,7,0.1321,157.1,1.8962,23,68,0.338,"68,48,67,48,40,23,34"
MAD_2000_ALL,2000,False,20,0.8172,Ward,8,0.1236,142.0,1.9873,23,67,0.343,"44,48,67,24,40,23,34,48"
MAD_2000_ALL,2000,False,20,0.8172,GMM,2,0.515,476.4,0.7692,141,187,0.754,"141,187"
MAD_2000_ALL,2000,False,20,0.8172,GMM,3,0.3655,316.7,1.3578,64,141,0.454,"141,123,64"
MAD_2000_ALL,2000,False,20,0.8172,GMM,4,0.1853,232.3,1.8376,57,123,0.463,"123,57,64,84"
MAD_2000_ALL,2000,False,20,0.8172,GMM,5,0.1651,199.7,1.96,35,98,0.357,"79,98,35,54,62"
MAD_2000_ALL,2000,False,20,0.8172,GMM,6,0.1359,179.3,2.0624,29,77,0.377,"44,64,29,77,63,51"
MAD_2000_ALL,2000,False,20,0.8172,GMM,8,0.1338,141.3,1.9491,20,59,0.339,"52,59,41,46,52,21,37,20"
MAD_2000_ALL,2000,False,20,0.8172,Spectral,2,0.515,476.4,0.7692,141,187,0.754,"141,187"
MAD_2000_ALL,2000,False,20,0.8172,Spectral,3,0.3919,348.6,1.2132,83,141,0.589,"141,104,83"
MAD_2000_ALL,2000,False,20,0.8172,Spectral,4,0.2189,258.5,1.6877,56,104,0.538,"56,104,85,83"
MAD_2000_ALL,2000,False,20,0.8172,Spectral,5,0.1695,210.6,1.8585,49,85,0.576,"56,66,85,49,72"
MAD_2000_ALL,2000,False,20,0.8172,Spectral,6,0.1555,182.7,1.7792,19,89,0.213,"85,89,19,56,46,33"
MAD_2000_ALL,2000,False,20,0.8172,Spectral,7,0.1351,159.0,1.8768,19,87,0.218,"46,57,48,33,19,38,87"
MAD_2000_ALL,2000,False,20,0.8172,Spectral,8,0.1391,146.1,1.9194,19,61,0.311,"41,61,31,46,54,33,19,43"
MAD_2000_ALL,2000,False,30,0.8453,KMeans,2,0.4974,439.2,0.806,141,187,0.754,"141,187"
MAD_2000_ALL,2000,False,30,0.8453,KMeans,3,0.3744,315.0,1.2744,83,141,0.589,"141,104,83"
MAD_2000_ALL,2000,False,30,0.8453,KMeans,4,0.2019,232.5,1.8037,67,104,0.644,"67,104,74,83"
MAD_2000_ALL,2000,False,30,0.8453,KMeans,5,0.1506,193.3,2.0217,56,73,0.767,"65,73,66,56,68"
MAD_2000_ALL,2000,False,30,0.8453,KMeans,6,0.1497,165.3,1.9263,31,73,0.425,"68,53,61,42,73,31"
MAD_2000_ALL,2000,False,30,0.8453,KMeans,7,0.1478,145.6,1.9841,21,87,0.241,"21,54,37,87,46,52,31"
MAD_2000_ALL,2000,False,30,0.8453,KMeans,8,0.1278,130.3,1.9938,21,65,0.323,"36,47,48,65,21,31,40,40"
MAD_2000_ALL,2000,False,30,0.8453,Ward,2,0.4974,439.2,0.806,141,187,0.754,"187,141"
MAD_2000_ALL,2000,False,30,0.8453,Ward,3,0.367,307.7,1.3128,77,141,0.546,"141,110,77"
MAD_2000_ALL,2000,False,30,0.8453,Ward,4,0.1922,224.4,1.8352,48,110,0.436,"110,93,77,48"
MAD_2000_ALL,2000,False,30,0.8453,Ward,5,0.1242,182.3,2.1142,42,93,0.452,"68,93,77,48,42"
MAD_2000_ALL,2000,False,30,0.8453,Ward,6,0.1313,156.0,1.9768,26,93,0.28,"77,93,26,48,42,42"
MAD_2000_ALL,2000,False,30,0.8453,Ward,7,0.1265,138.3,2.0535,25,93,0.269,"93,52,26,48,42,42,25"
MAD_2000_ALL,2000,False,30,0.8453,Ward,8,0.1046,123.3,2.1921,25,62,0.403,"52,62,26,31,42,42,25,48"
MAD_2000_ALL,2000,False,30,0.8453,GMM,2,0.4974,439.2,0.806,141,187,0.754,"141,187"
MAD_2000_ALL,2000,False,30,0.8453,GMM,3,0.357,298.9,1.3755,79,141,0.56,"141,79,108"
MAD_2000_ALL,2000,False,30,0.8453,GMM,4,0.1949,226.0,1.8159,54,106,0.509,"81,54,106,87"
MAD_2000_ALL,2000,False,30,0.8453,Spectral,2,0.4974,439.2,0.806,141,187,0.754,"141,187"
MAD_2000_ALL,2000,False,30,0.8453,Spectral,3,0.3729,314.3,1.2803,85,141,0.603,"141,102,85"
MAD_2000_ALL,2000,False,30,0.8453,Spectral,4,0.2007,231.2,1.8031,56,102,0.549,"56,102,85,85"
MAD_2000_ALL,2000,False,30,0.8453,Spectral,5,0.1533,187.0,1.9825,50,85,0.588,"56,67,50,85,70"
MAD_2000_ALL,2000,False,30,0.8453,Spectral,6,0.1385,161.6,1.9336,21,85,0.247,"56,78,21,36,52,85"
MAD_2000_ALL,2000,False,30,0.8453,Spectral,7,0.1202,139.8,1.9973,19,80,0.237,"48,40,80,52,36,53,19"
MAD_2000_ALL,2000,False,30,0.8453,Spectral,8,0.1248,128.3,2.015,19,60,0.317,"48,30,19,53,60,45,33,40"
MAD_3000_ALL,3000,False,10,0.7444,KMeans,2,0.5195,466.4,0.7629,141,187,0.754,"141,187"
MAD_3000_ALL,3000,False,10,0.7444,KMeans,3,0.4211,370.3,1.0788,87,141,0.617,"100,141,87"
MAD_3000_ALL,3000,False,10,0.7444,KMeans,4,0.3612,281.0,1.3759,50,141,0.355,"141,75,62,50"
MAD_3000_ALL,3000,False,10,0.7444,KMeans,5,0.1999,240.8,1.6688,58,76,0.763,"60,76,58,65,69"
MAD_3000_ALL,3000,False,10,0.7444,KMeans,6,0.203,210.8,1.6024,31,76,0.408,"65,60,76,42,54,31"
MAD_3000_ALL,3000,False,10,0.7444,KMeans,7,0.1975,189.7,1.6437,23,75,0.307,"75,30,50,66,23,38,46"
MAD_3000_ALL,3000,False,10,0.7444,KMeans,8,0.1791,172.6,1.6976,23,62,0.371,"62,48,29,23,54,40,33,39"
MAD_3000_ALL,3000,False,10,0.7444,Ward,2,0.5195,466.4,0.7629,141,187,0.754,"187,141"
MAD_3000_ALL,3000,False,10,0.7444,Ward,3,0.4059,344.3,1.1235,59,141,0.418,"128,141,59"
MAD_3000_ALL,3000,False,10,0.7444,Ward,4,0.3487,270.5,1.398,47,141,0.333,"141,81,59,47"
MAD_3000_ALL,3000,False,10,0.7444,Ward,5,0.1812,228.9,1.7108,47,81,0.58,"81,75,59,47,66"
MAD_3000_ALL,3000,False,10,0.7444,Ward,6,0.1791,199.3,1.6453,23,75,0.307,"59,75,58,47,66,23"
MAD_3000_ALL,3000,False,10,0.7444,Ward,7,0.1676,176.6,1.7005,23,75,0.307,"75,66,58,47,35,23,24"
MAD_3000_ALL,3000,False,10,0.7444,Ward,8,0.151,159.6,1.7214,23,66,0.348,"66,35,58,47,47,23,24,28"
MAD_3000_ALL,3000,False,10,0.7444,GMM,2,0.5195,466.4,0.7629,141,187,0.754,"141,187"
MAD_3000_ALL,3000,False,10,0.7444,GMM,3,0.3432,274.1,1.5022,37,150,0.247,"37,141,150"
MAD_3000_ALL,3000,False,10,0.7444,GMM,4,0.1572,197.3,1.9851,36,151,0.238,"51,151,90,36"
MAD_3000_ALL,3000,False,10,0.7444,GMM,5,0.1447,155.0,2.0091,28,151,0.185,"81,36,151,28,32"
MAD_3000_ALL,3000,False,10,0.7444,GMM,6,0.0783,130.3,2.1752,17,121,0.14,"33,35,17,31,121,91"
MAD_3000_ALL,3000,False,10,0.7444,GMM,7,0.0867,123.5,2.5226,16,89,0.18,"16,42,36,77,37,31,89"
MAD_3000_ALL,3000,False,10,0.7444,Spectral,2,0.5195,466.4,0.7629,141,187,0.754,"141,187"
MAD_3000_ALL,3000,False,10,0.7444,Spectral,3,0.4183,368.2,1.0917,92,141,0.652,"92,141,95"
MAD_3000_ALL,3000,False,10,0.7444,Spectral,4,0.2509,277.3,1.5231,59,95,0.621,"82,59,95,92"
MAD_3000_ALL,3000,False,10,0.7444,Spectral,5,0.1983,229.7,1.6611,49,82,0.598,"59,67,49,82,71"
MAD_3000_ALL,3000,False,10,0.7444,Spectral,6,0.19,206.3,1.5923,25,83,0.301,"82,25,34,59,83,45"
MAD_3000_ALL,3000,False,10,0.7444,Spectral,7,0.1732,181.9,1.636,25,83,0.301,"67,37,37,45,34,83,25"
MAD_3000_ALL,3000,False,10,0.7444,Spectral,8,0.1731,163.0,1.569,20,86,0.233,"43,86,34,47,35,32,31,20"
MAD_3000_ALL,3000,False,20,0.7986,KMeans,2,0.4811,396.3,0.8438,141,187,0.754,"141,187"
MAD_3000_ALL,3000,False,20,0.7986,KMeans,3,0.3801,299.2,1.2127,92,141,0.652,"95,141,92"
MAD_3000_ALL,3000,False,20,0.7986,KMeans,4,0.322,223.1,1.5635,55,141,0.39,"141,55,62,70"
MAD_3000_ALL,3000,False,20,0.7986,KMeans,5,0.1633,187.3,1.9079,55,76,0.724,"70,76,62,55,65"
MAD_3000_ALL,3000,False,20,0.7986,KMeans,6,0.1644,161.5,1.8437,31,79,0.392,"31,62,56,79,60,40"
MAD_3000_ALL,3000,False,20,0.7986,KMeans,7,0.1578,143.2,1.8904,23,74,0.311,"23,74,39,51,45,67,29"
MAD_3000_ALL,3000,False,20,0.7986,KMeans,8,0.1439,128.8,1.939,22,56,0.393,"54,29,48,31,56,40,22,48"
MAD_3000_ALL,3000,False,20,0.7986,Ward,2,0.4811,396.3,0.8438,141,187,0.754,"187,141"
MAD_3000_ALL,3000,False,20,0.7986,Ward,3,0.368,281.4,1.2618,61,141,0.433,"126,141,61"
MAD_3000_ALL,3000,False,20,0.7986,Ward,4,0.3047,210.2,1.7657,61,141,0.433,"141,62,61,64"
MAD_3000_ALL,3000,False,20,0.7986,Ward,5,0.1378,173.7,2.1287,61,73,0.836,"62,64,61,68,73"
MAD_3000_ALL,3000,False,20,0.7986,Ward,6,0.1319,150.7,2.0021,24,73,0.329,"64,68,61,24,73,38"
MAD_3000_ALL,3000,False,20,0.7986,Ward,7,0.1206,132.2,2.09,24,73,0.329,"61,68,39,24,73,38,25"
MAD_3000_ALL,3000,False,20,0.7986,Ward,8,0.1253,119.4,2.0828,15,73,0.205,"68,73,39,46,15,38,25,24"
MAD_3000_ALL,3000,False,20,0.7986,GMM,2,0.4811,396.3,0.8438,141,187,0.754,"141,187"
MAD_3000_ALL,3000,False,20,0.7986,GMM,3,0.3432,260.6,1.4198,60,141,0.426,"127,141,60"
MAD_3000_ALL,3000,False,20,0.7986,GMM,4,0.1666,190.1,1.9644,60,127,0.472,"60,78,127,63"
MAD_3000_ALL,3000,False,20,0.7986,GMM,5,0.1524,149.2,2.0598,44,127,0.346,"127,44,60,47,50"
MAD_3000_ALL,3000,False,20,0.7986,GMM,6,0.1195,146.9,2.078,29,74,0.392,"41,69,29,72,74,43"
MAD_3000_ALL,3000,False,20,0.7986,GMM,7,0.1475,135.5,2.0228,18,79,0.228,"38,62,63,79,18,28,40"
MAD_3000_ALL,3000,False,20,0.7986,Spectral,2,0.4811,396.3,0.8438,141,187,0.754,"141,187"
MAD_3000_ALL,3000,False,20,0.7986,Spectral,3,0.3781,297.8,1.2222,93,141,0.66,"141,94,93"
MAD_3000_ALL,3000,False,20,0.7986,Spectral,4,0.2135,220.7,1.7331,57,94,0.606,"93,84,94,57"
MAD_3000_ALL,3000,False,20,0.7986,Spectral,5,0.1644,182.0,1.893,54,84,0.643,"57,69,64,54,84"
MAD_3000_ALL,3000,False,20,0.7986,Spectral,6,0.1556,159.0,1.8064,24,87,0.276,"33,87,86,55,24,43"
MAD_3000_ALL,3000,False,20,0.7986,Spectral,7,0.1385,138.9,1.8991,22,86,0.256,"22,86,56,42,43,46,33"
MAD_3000_ALL,3000,False,20,0.7986,Spectral,8,0.139,127.1,1.9363,21,61,0.344,"61,43,42,41,31,33,56,21"
MAD_3000_ALL,3000,False,30,0.8291,KMeans,2,0.463,365.4,0.8838,141,187,0.754,"141,187"
MAD_3000_ALL,3000,False,30,0.8291,KMeans,3,0.3618,270.0,1.2784,93,141,0.66,"93,141,94"
MAD_3000_ALL,3000,False,30,0.8291,KMeans,4,0.3036,200.0,1.6528,50,141,0.355,"72,141,65,50"
MAD_3000_ALL,3000,False,30,0.8291,KMeans,5,0.1474,166.6,2.0169,50,75,0.667,"62,70,75,50,71"
MAD_3000_ALL,3000,False,30,0.8291,KMeans,6,0.147,142.7,1.9756,32,77,0.416,"32,77,56,42,64,57"
MAD_3000_ALL,3000,False,30,0.8291,KMeans,7,0.1417,126.0,2.0099,23,78,0.295,"28,49,63,78,23,48,39"
MAD_3000_ALL,3000,False,30,0.8291,KMeans,8,0.1256,113.0,2.1066,20,53,0.377,"42,29,53,48,39,51,46,20"
MAD_3000_ALL,3000,False,30,0.8291,Ward,2,0.463,365.4,0.8838,141,187,0.754,"187,141"
MAD_3000_ALL,3000,False,30,0.8291,Ward,3,0.3498,259.6,1.3413,76,141,0.539,"111,141,76"
MAD_3000_ALL,3000,False,30,0.8291,Ward,4,0.2907,190.7,1.7585,51,141,0.362,"141,60,76,51"
MAD_3000_ALL,3000,False,30,0.8291,Ward,5,0.1248,155.5,2.2214,51,76,0.671,"60,65,76,51,76"
MAD_3000_ALL,3000,False,30,0.8291,Ward,6,0.1269,134.2,2.0451,29,76,0.382,"76,65,31,51,76,29"
MAD_3000_ALL,3000,False,30,0.8291,Ward,7,0.1089,116.9,2.2878,29,76,0.382,"33,65,43,51,76,29,31"
MAD_3000_ALL,3000,False,30,0.8291,Ward,8,0.1118,104.3,2.0986,4,76,0.053,"65,76,43,51,29,29,31,4"
MAD_3000_ALL,3000,False,30,0.8291,GMM,2,0.463,365.4,0.8838,141,187,0.754,"141,187"
MAD_3000_ALL,3000,False,30,0.8291,GMM,3,0.286,200.6,1.727,63,187,0.337,"63,187,78"
MAD_3000_ALL,3000,False,30,0.8291,GMM,4,0.1893,191.8,1.8711,58,109,0.532,"58,109,83,78"
MAD_3000_ALL,3000,False,30,0.8291,Spectral,2,0.463,365.4,0.8838,141,187,0.754,"141,187"
MAD_3000_ALL,3000,False,30,0.8291,Spectral,3,0.361,269.1,1.2867,86,141,0.61,"141,101,86"
MAD_3000_ALL,3000,False,30,0.8291,Spectral,4,0.1984,197.7,1.8266,52,101,0.515,"101,89,86,52"
MAD_3000_ALL,3000,False,30,0.8291,Spectral,5,0.1483,160.4,2.0183,52,89,0.584,"70,89,53,64,52"
MAD_3000_ALL,3000,False,30,0.8291,Spectral,6,0.1391,141.4,1.9752,29,89,0.326,"52,89,47,77,29,34"
MAD_3000_ALL,3000,False,30,0.8291,Spectral,7,0.1235,123.3,2.0441,29,77,0.377,"29,77,57,46,47,34,38"
MAD_3000_ALL,3000,False,30,0.8291,Spectral,8,0.1244,111.2,2.056,21,61,0.344,"40,61,21,45,53,31,29,48"
MAD_5000_ALL,5000,False,10,0.7315,KMeans,2,0.483,380.5,0.8423,141,187,0.754,"141,187"
MAD_5000_ALL,5000,False,10,0.7315,KMeans,3,0.4133,318.9,1.0717,92,141,0.652,"92,141,95"
MAD_5000_ALL,5000,False,10,0.7315,KMeans,4,0.352,245.8,1.2851,40,141,0.284,"83,141,64,40"
MAD_5000_ALL,5000,False,10,0.7315,KMeans,5,0.2043,210.0,1.5992,34,80,0.425,"34,66,80,75,73"
MAD_5000_ALL,5000,False,10,0.7315,KMeans,6,0.1987,182.8,1.6601,36,71,0.507,"70,55,38,58,71,36"
MAD_5000_ALL,5000,False,10,0.7315,KMeans,7,0.1906,164.6,1.7124,24,76,0.316,"76,54,30,46,33,65,24"
MAD_5000_ALL,5000,False,10,0.7315,KMeans,8,0.1803,150.8,1.7239,23,67,0.343,"36,48,30,38,23,53,67,33"
MAD_5000_ALL,5000,False,10,0.7315,Ward,2,0.483,380.5,0.8423,141,187,0.754,"187,141"
MAD_5000_ALL,5000,False,10,0.7315,Ward,3,0.3952,291.6,1.1212,58,141,0.411,"129,141,58"
MAD_5000_ALL,5000,False,10,0.7315,Ward,4,0.3458,234.4,1.2312,27,141,0.191,"141,102,58,27"
MAD_5000_ALL,5000,False,10,0.7315,Ward,5,0.1982,195.0,1.5539,27,106,0.255,"102,106,58,27,35"
MAD_5000_ALL,5000,False,10,0.7315,Ward,6,0.1632,171.0,1.8444,27,106,0.255,"58,106,57,27,35,45"
MAD_5000_ALL,5000,False,10,0.7315,Ward,7,0.1683,152.9,1.8141,26,106,0.245,"106,26,57,27,35,45,32"
MAD_5000_ALL,5000,False,10,0.7315,Ward,8,0.1514,140.9,1.815,25,81,0.309,"57,26,81,27,35,45,32,25"
MAD_5000_ALL,5000,False,10,0.7315,GMM,2,0.483,380.5,0.8423,141,187,0.754,"141,187"
MAD_5000_ALL,5000,False,10,0.7315,GMM,3,0.3245,223.5,1.5289,34,153,0.222,"141,153,34"
MAD_5000_ALL,5000,False,10,0.7315,GMM,4,0.1445,161.6,2.0006,34,153,0.222,"34,52,153,89"
MAD_5000_ALL,5000,False,10,0.7315,GMM,5,0.1476,154.8,2.2782,31,107,0.29,"107,91,34,65,31"
MAD_5000_ALL,5000,False,10,0.7315,GMM,6,0.1252,133.7,2.0389,22,93,0.237,"87,63,31,32,93,22"
MAD_5000_ALL,5000,False,10,0.7315,GMM,7,0.0929,118.1,2.0947,21,104,0.202,"29,21,56,104,30,32,56"
MAD_5000_ALL,5000,False,10,0.7315,Spectral,2,0.483,380.5,0.8423,141,187,0.754,"141,187"
MAD_5000_ALL,5000,False,10,0.7315,Spectral,3,0.4119,317.8,1.0765,93,141,0.66,"141,93,94"
MAD_5000_ALL,5000,False,10,0.7315,Spectral,4,0.2495,239.0,1.5541,70,94,0.745,"71,94,93,70"
MAD_5000_ALL,5000,False,10,0.7315,Spectral,5,0.1997,207.5,1.5925,35,90,0.389,"35,71,90,62,70"
MAD_5000_ALL,5000,False,10,0.7315,Spectral,6,0.185,180.4,1.6489,33,78,0.423,"71,34,42,70,78,33"
MAD_5000_ALL,5000,False,10,0.7315,Spectral,7,0.1721,159.5,1.701,33,78,0.423,"78,60,42,33,34,42,39"
MAD_5000_ALL,5000,False,10,0.7315,Spectral,8,0.1724,143.5,1.618,29,78,0.372,"78,42,38,45,29,34,29,33"
MAD_5000_ALL,5000,False,20,0.7868,KMeans,2,0.4461,327.0,0.9259,141,187,0.754,"141,187"
MAD_5000_ALL,5000,False,20,0.7868,KMeans,3,0.3735,260.7,1.1904,92,141,0.652,"92,141,95"
MAD_5000_ALL,5000,False,20,0.7868,KMeans,4,0.3128,197.4,1.4366,39,141,0.277,"84,141,64,39"
MAD_5000_ALL,5000,False,20,0.7868,KMeans,5,0.1683,165.8,1.8261,37,80,0.463,"70,76,80,65,37"
MAD_5000_ALL,5000,False,20,0.7868,KMeans,6,0.1638,142.6,1.8697,33,78,0.423,"78,33,37,57,60,63"
MAD_5000_ALL,5000,False,20,0.7868,KMeans,7,0.1531,126.7,1.941,27,81,0.333,"60,27,81,51,29,47,33"
MAD_5000_ALL,5000,False,20,0.7868,KMeans,8,0.1354,114.6,1.9667,26,52,0.5,"43,49,26,27,46,52,33,52"
MAD_5000_ALL,5000,False,20,0.7868,Ward,2,0.4461,327.0,0.9259,141,187,0.754,"187,141"
MAD_5000_ALL,5000,False,20,0.7868,Ward,3,0.3629,247.1,1.2283,64,141,0.454,"123,141,64"
MAD_5000_ALL,5000,False,20,0.7868,Ward,4,0.3045,190.8,1.4687,36,141,0.255,"141,87,64,36"
MAD_5000_ALL,5000,False,20,0.7868,Ward,5,0.1589,157.0,1.8296,36,104,0.346,"87,104,64,36,37"
MAD_5000_ALL,5000,False,20,0.7868,Ward,6,0.159,136.2,1.8606,29,104,0.279,"104,37,64,36,58,29"
MAD_5000_ALL,5000,False,20,0.7868,Ward,7,0.1414,120.2,1.94,28,76,0.368,"64,37,76,36,58,29,28"
MAD_5000_ALL,5000,False,20,0.7868,Ward,8,0.129,108.9,2.0489,28,76,0.368,"76,37,28,36,58,29,28,36"
MAD_5000_ALL,5000,False,20,0.7868,GMM,2,0.4461,327.0,0.9259,141,187,0.754,"141,187"
MAD_5000_ALL,5000,False,20,0.7868,GMM,3,0.3129,206.9,1.544,52,141,0.369,"135,141,52"
MAD_5000_ALL,5000,False,20,0.7868,GMM,4,0.1478,151.3,2.0513,52,135,0.385,"83,135,52,58"
MAD_5000_ALL,5000,False,20,0.7868,GMM,5,0.109,138.3,2.2435,41,98,0.418,"48,88,41,53,98"
MAD_5000_ALL,5000,False,20,0.7868,Spectral,2,0.4461,327.0,0.9259,141,187,0.754,"141,187"
MAD_5000_ALL,5000,False,20,0.7868,Spectral,3,0.372,259.9,1.1874,86,141,0.61,"101,141,86"
MAD_5000_ALL,5000,False,20,0.7868,Spectral,4,0.214,192.5,1.7638,65,101,0.644,"101,76,86,65"
MAD_5000_ALL,5000,False,20,0.7868,Spectral,5,0.1671,164.2,1.8011,33,92,0.359,"65,33,92,76,62"
MAD_5000_ALL,5000,False,20,0.7868,Spectral,6,0.1498,140.3,1.8808,31,79,0.392,"44,65,31,79,76,33"
MAD_5000_ALL,5000,False,20,0.7868,Spectral,7,0.1383,123.5,1.9221,31,79,0.392,"54,31,33,44,46,79,41"
MAD_5000_ALL,5000,False,20,0.7868,Spectral,8,0.1371,112.4,1.9567,21,61,0.344,"54,46,44,41,29,21,61,32"
MAD_5000_ALL,5000,False,30,0.8182,KMeans,2,0.4283,302.8,0.9687,141,187,0.754,"141,187"
MAD_5000_ALL,5000,False,30,0.8182,KMeans,3,0.3553,236.3,1.252,92,141,0.652,"92,141,95"
MAD_5000_ALL,5000,False,30,0.8182,KMeans,4,0.295,177.6,1.5196,39,141,0.277,"64,141,84,39"
MAD_5000_ALL,5000,False,30,0.8182,KMeans,5,0.1537,148.1,1.9294,39,84,0.464,"64,76,39,84,65"
MAD_5000_ALL,5000,False,30,0.8182,KMeans,6,0.1416,126.7,2.05,30,73,0.411,"73,69,49,30,72,35"
MAD_5000_ALL,5000,False,30,0.8182,KMeans,7,0.1405,112.1,2.0688,24,76,0.316,"76,55,29,24,33,65,46"
MAD_5000_ALL,5000,False,30,0.8182,KMeans,8,0.1263,101.0,2.1043,21,64,0.328,"51,64,21,42,50,29,36,35"
MAD_5000_ALL,5000,False,30,0.8182,Ward,2,0.4283,302.8,0.9687,141,187,0.754,"187,141"
MAD_5000_ALL,5000,False,30,0.8182,Ward,3,0.3433,221.6,1.3057,61,141,0.433,"126,141,61"
MAD_5000_ALL,5000,False,30,0.8182,Ward,4,0.2873,171.1,1.5088,32,141,0.227,"141,94,61,32"
MAD_5000_ALL,5000,False,30,0.8182,Ward,5,0.1453,138.7,1.8828,30,111,0.27,"94,111,61,32,30"
MAD_5000_ALL,5000,False,30,0.8182,Ward,6,0.1374,118.0,2.0932,30,111,0.27,"111,47,61,32,30,47"
MAD_5000_ALL,5000,False,30,0.8182,Ward,7,0.1211,104.3,2.1555,29,82,0.354,"61,47,82,32,30,47,29"
MAD_5000_ALL,5000,False,30,0.8182,Ward,8,0.1176,93.6,2.2115,13,82,0.159,"47,13,82,48,30,47,29,32"
MAD_5000_ALL,5000,False,30,0.8182,GMM,2,0.4283,302.8,0.9687,141,187,0.754,"141,187"
MAD_5000_ALL,5000,False,30,0.8182,GMM,3,0.3411,227.4,1.3136,92,141,0.652,"95,141,92"
MAD_5000_ALL,5000,False,30,0.8182,Spectral,2,0.4283,302.8,0.9687,141,187,0.754,"141,187"
MAD_5000_ALL,5000,False,30,0.8182,Spectral,3,0.3538,235.4,1.2597,93,141,0.66,"94,141,93"
MAD_5000_ALL,5000,False,30,0.8182,Spectral,4,0.1996,173.0,1.8506,54,94,0.574,"93,87,94,54"
MAD_5000_ALL,5000,False,30,0.8182,Spectral,5,0.1533,146.5,1.8919,32,91,0.352,"64,87,54,32,91"
MAD_5000_ALL,5000,False,30,0.8182,Spectral,6,0.1382,125.0,2.0093,32,87,0.368,"54,76,87,33,46,32"
MAD_5000_ALL,5000,False,30,0.8182,Spectral,7,0.1266,110.0,2.0674,32,76,0.421,"52,46,76,47,32,42,33"
MAD_5000_ALL,5000,False,30,0.8182,Spectral,8,0.1249,99.6,2.0996,23,61,0.377,"32,52,42,23,29,47,42,61"
