gene_set,n_genes,protein_coding_only,n_pcs,cum_explained_var,algorithm,k,silhouette,calinski_harabasz,davies_bouldin,batch_ARI,min_cluster_size,max_cluster_size,size_balance,cluster_sizes
MAD_1000_PC,1000,True,10,0.5657,KMeans,2,0.1841,86.7,1.8516,-0.0017,134,194,0.691,"134,194"
MAD_1000_PC,1000,True,10,0.5657,KMeans,3,0.1608,71.2,1.9223,-0.0037,93,129,0.721,"93,129,106"
MAD_1000_PC,1000,True,10,0.5657,KMeans,4,0.1482,61.3,1.7917,-0.0002,63,119,0.529,"63,83,63,119"
MAD_1000_PC,1000,True,10,0.5657,KMeans,5,0.153,57.3,1.7661,0.0024,58,74,0.784,"74,73,64,59,58"
MAD_1000_PC,1000,True,10,0.5657,KMeans,6,0.1491,52.0,1.7684,-0.0023,43,68,0.632,"49,68,43,45,65,58"
MAD_1000_PC,1000,True,10,0.5657,KMeans,7,0.146,47.8,1.7677,0.0027,24,59,0.407,"32,55,53,58,47,24,59"
MAD_1000_PC,1000,True,10,0.5657,KMeans,8,0.1457,44.8,1.7162,0.002,22,61,0.361,"35,32,61,47,36,52,43,22"
MAD_1000_PC,1000,True,10,0.5657,Ward,2,0.1461,60.8,2.1297,-0.0039,115,213,0.54,"213,115"
MAD_1000_PC,1000,True,10,0.5657,Ward,3,0.1333,56.6,2.0012,-0.0005,52,161,0.323,"115,161,52"
MAD_1000_PC,1000,True,10,0.5657,Ward,4,0.1277,51.6,1.8303,-0.005,52,161,0.323,"161,57,52,58"
MAD_1000_PC,1000,True,10,0.5657,Ward,5,0.1203,47.1,1.9958,-0.0018,41,120,0.342,"120,57,52,58,41"
MAD_1000_PC,1000,True,10,0.5657,Ward,6,0.1192,43.9,1.9893,0.0003,41,64,0.641,"57,41,52,58,56,64"
MAD_1000_PC,1000,True,10,0.5657,Ward,7,0.1169,41.0,1.8798,0.0011,15,64,0.234,"41,56,52,58,42,64,15"
MAD_1000_PC,1000,True,10,0.5657,Ward,8,0.1154,38.4,1.846,0.0016,15,64,0.234,"52,56,64,58,42,20,15,21"
MAD_1000_PC,1000,True,10,0.5657,GMM,2,0.1217,47.3,2.4729,-0.0009,126,202,0.624,"202,126"
MAD_1000_PC,1000,True,10,0.5657,GMM,3,0.0898,42.0,2.6205,-0.0047,56,171,0.327,"101,56,171"
MAD_1000_PC,1000,True,10,0.5657,GMM,4,0.0992,38.0,2.3481,-0.0048,44,174,0.253,"174,56,44,54"
MAD_1000_PC,1000,True,10,0.5657,GMM,5,0.0852,36.4,2.2612,-0.0042,31,111,0.279,"59,48,79,31,111"
MAD_1000_PC,1000,True,10,0.5657,GMM,6,0.07,34.0,2.4077,-0.0042,25,79,0.316,"45,60,65,79,25,54"
MAD_1000_PC,1000,True,10,0.5657,Spectral,2,0.1752,82.1,1.9352,-0.0017,153,175,0.874,"175,153"
MAD_1000_PC,1000,True,10,0.5657,Spectral,3,0.1573,67.9,1.9496,-0.0035,90,147,0.612,"147,91,90"
MAD_1000_PC,1000,True,10,0.5657,Spectral,4,0.1422,57.2,1.8194,-0.0021,54,138,0.391,"54,81,138,55"
MAD_1000_PC,1000,True,10,0.5657,Spectral,5,0.1414,52.8,1.7396,-0.0004,35,103,0.34,"83,103,57,35,50"
MAD_1000_PC,1000,True,10,0.5657,Spectral,6,0.1405,46.8,1.8522,0.0001,35,75,0.467,"44,62,35,51,61,75"
MAD_1000_PC,1000,True,10,0.5657,Spectral,7,0.1355,44.3,1.8511,-0.0029,33,60,0.55,"53,60,45,35,33,47,55"
MAD_1000_PC,1000,True,10,0.5657,Spectral,8,0.1345,41.5,1.7458,-0.0023,24,55,0.436,"51,45,39,32,54,55,28,24"
MAD_1000_PC,1000,True,15,0.6304,KMeans,2,0.166,75.9,1.9896,-0.0023,133,195,0.682,"195,133"
MAD_1000_PC,1000,True,15,0.6304,KMeans,3,0.1416,61.3,2.0844,-0.0041,89,134,0.664,"105,134,89"
MAD_1000_PC,1000,True,15,0.6304,KMeans,4,0.1277,52.2,1.9665,0.0008,62,119,0.521,"62,65,82,119"
MAD_1000_PC,1000,True,15,0.6304,KMeans,5,0.1332,48.2,1.9352,0.0002,57,75,0.76,"75,57,68,61,67"
MAD_1000_PC,1000,True,15,0.6304,KMeans,6,0.1252,43.2,1.9926,-0.0026,34,70,0.486,"52,65,34,48,59,70"
MAD_1000_PC,1000,True,15,0.6304,KMeans,7,0.1283,39.8,1.9312,-0.0023,32,62,0.516,"62,58,39,34,60,43,32"
MAD_1000_PC,1000,True,15,0.6304,KMeans,8,0.1253,36.4,1.9328,-0.0025,20,60,0.333,"34,52,45,47,42,60,20,28"
MAD_1000_PC,1000,True,15,0.6304,Ward,2,0.1272,50.6,2.2814,-0.0034,104,224,0.464,"224,104"
MAD_1000_PC,1000,True,15,0.6304,Ward,3,0.0949,44.0,2.3726,-0.0052,62,162,0.383,"162,104,62"
MAD_1000_PC,1000,True,15,0.6304,Ward,4,0.0907,40.4,2.2342,-0.0042,61,104,0.587,"101,104,62,61"
MAD_1000_PC,1000,True,15,0.6304,Ward,5,0.0901,37.0,2.1852,-0.0029,49,104,0.471,"104,61,62,52,49"
MAD_1000_PC,1000,True,15,0.6304,Ward,6,0.0928,35.5,2.165,-0.0023,48,62,0.774,"61,52,62,56,49,48"
MAD_1000_PC,1000,True,15,0.6304,Ward,7,0.0834,32.7,2.1301,-0.0023,30,62,0.484,"52,49,62,56,31,48,30"
MAD_1000_PC,1000,True,15,0.6304,Ward,8,0.0841,30.7,2.1018,-0.0014,16,62,0.258,"49,56,62,36,31,48,30,16"
MAD_1000_PC,1000,True,15,0.6304,GMM,2,0.1302,47.2,2.3873,-0.0028,105,223,0.471,"105,223"
MAD_1000_PC,1000,True,15,0.6304,GMM,3,0.0956,41.2,2.5027,0.0011,91,145,0.628,"92,145,91"
MAD_1000_PC,1000,True,15,0.6304,GMM,4,0.0858,39.9,2.4233,-0.0047,67,113,0.593,"113,67,80,68"
MAD_1000_PC,1000,True,15,0.6304,GMM,5,0.0962,36.8,2.1472,-0.0031,49,92,0.533,"54,49,52,81,92"
MAD_1000_PC,1000,True,15,0.6304,GMM,6,0.0926,34.9,2.1957,-0.0042,37,75,0.493,"75,38,37,53,70,55"
MAD_1000_PC,1000,True,15,0.6304,GMM,8,0.0967,33.2,2.181,-0.0034,25,64,0.391,"25,36,55,64,25,25,36,62"
MAD_1000_PC,1000,True,15,0.6304,Spectral,2,0.1541,69.4,2.1222,-0.0021,158,170,0.929,"170,158"
MAD_1000_PC,1000,True,15,0.6304,Spectral,3,0.1389,58.5,2.1043,-0.0044,89,138,0.645,"89,101,138"
MAD_1000_PC,1000,True,15,0.6304,Spectral,4,0.1237,49.8,1.9946,-0.0011,54,133,0.406,"61,80,133,54"
MAD_1000_PC,1000,True,15,0.6304,Spectral,5,0.1205,44.1,1.9231,-0.0001,38,99,0.384,"87,51,99,38,53"
MAD_1000_PC,1000,True,15,0.6304,Spectral,6,0.1172,38.4,2.0104,0.0012,33,73,0.452,"33,73,67,48,48,59"
MAD_1000_PC,1000,True,15,0.6304,Spectral,7,0.1115,36.0,2.0722,-0.0026,31,76,0.408,"54,54,76,31,47,31,35"
MAD_1000_PC,1000,True,15,0.6304,Spectral,8,0.1153,34.5,1.9194,-0.0018,27,53,0.509,"35,42,53,52,38,27,39,42"
MAD_1000_PC,1000,True,20,0.6718,KMeans,2,0.1563,70.2,2.0734,-0.0023,133,195,0.682,"133,195"
MAD_1000_PC,1000,True,20,0.6718,KMeans,3,0.1317,56.3,2.1858,-0.0043,89,136,0.654,"136,89,103"
MAD_1000_PC,1000,True,20,0.6718,KMeans,4,0.1164,47.6,2.1075,-0.0012,67,117,0.573,"77,117,67,67"
MAD_1000_PC,1000,True,20,0.6718,KMeans,5,0.1221,43.7,2.0353,0.0044,60,73,0.822,"73,60,63,66,66"
MAD_1000_PC,1000,True,20,0.6718,KMeans,6,0.1175,39.2,2.0847,-0.0008,29,72,0.403,"63,51,58,55,72,29"
MAD_1000_PC,1000,True,20,0.6718,KMeans,7,0.1116,35.5,2.0696,0.0013,32,57,0.561,"50,49,32,44,46,50,57"
MAD_1000_PC,1000,True,20,0.6718,KMeans,8,0.1066,33.1,2.0361,-0.0001,26,57,0.456,"50,26,31,53,57,37,42,32"
MAD_1000_PC,1000,True,20,0.6718,Ward,2,0.1221,50.0,2.4974,-0.0018,147,181,0.812,"147,181"
MAD_1000_PC,1000,True,20,0.6718,Ward,3,0.1045,44.9,2.2773,-0.0005,64,181,0.354,"181,83,64"
MAD_1000_PC,1000,True,20,0.6718,Ward,4,0.0985,41.6,2.353,-0.0031,64,97,0.66,"83,84,64,97"
MAD_1000_PC,1000,True,20,0.6718,Ward,5,0.0849,36.3,2.2379,-0.0021,33,97,0.34,"84,97,64,50,33"
MAD_1000_PC,1000,True,20,0.6718,Ward,6,0.0836,32.9,2.2322,-0.0025,33,97,0.34,"64,97,45,50,33,39"
MAD_1000_PC,1000,True,20,0.6718,Ward,7,0.0855,30.6,2.1943,-0.0007,22,97,0.227,"97,50,45,22,33,39,42"
MAD_1000_PC,1000,True,20,0.6718,Ward,8,0.0858,28.9,2.3335,-0.0009,22,55,0.4,"50,55,45,22,33,39,42,42"
MAD_1000_PC,1000,True,20,0.6718,GMM,2,0.1105,41.2,2.5907,0.0072,109,219,0.498,"109,219"
MAD_1000_PC,1000,True,20,0.6718,GMM,3,0.0948,41.9,2.5229,0.0008,88,141,0.624,"88,141,99"
MAD_1000_PC,1000,True,20,0.6718,GMM,4,0.0983,40.5,2.3366,-0.003,69,98,0.704,"69,98,79,82"
MAD_1000_PC,1000,True,20,0.6718,GMM,5,0.0968,36.6,2.267,-0.0039,53,73,0.726,"73,67,69,66,53"
MAD_1000_PC,1000,True,20,0.6718,GMM,7,0.1006,33.4,2.238,0.0012,20,61,0.328,"20,43,49,59,55,61,41"
MAD_1000_PC,1000,True,20,0.6718,Spectral,2,0.1396,54.2,2.1036,-0.0034,90,238,0.378,"90,238"
MAD_1000_PC,1000,True,20,0.6718,Spectral,3,0.128,54.0,2.1886,-0.0041,86,135,0.637,"86,107,135"
MAD_1000_PC,1000,True,20,0.6718,Spectral,4,0.1071,44.2,2.2345,-0.0007,58,105,0.552,"92,105,73,58"
MAD_1000_PC,1000,True,20,0.6718,Spectral,5,0.1134,40.9,2.0154,0.0003,42,97,0.433,"42,97,55,82,52"
MAD_1000_PC,1000,True,20,0.6718,Spectral,6,0.0968,34.0,2.1729,-0.0003,30,83,0.361,"83,72,40,30,49,54"
MAD_1000_PC,1000,True,20,0.6718,Spectral,7,0.0974,31.5,2.1835,0.0049,28,69,0.406,"42,45,66,28,69,42,36"
MAD_1000_PC,1000,True,20,0.6718,Spectral,8,0.1029,31.1,2.0298,0.001,20,62,0.323,"47,40,41,43,20,62,34,41"
MAD_1000_PC,1000,True,30,0.7296,KMeans,2,0.1441,63.6,2.1801,-0.0023,133,195,0.682,"195,133"
MAD_1000_PC,1000,True,30,0.7296,KMeans,3,0.1212,50.5,2.3191,-0.0041,95,129,0.736,"129,95,104"
MAD_1000_PC,1000,True,30,0.7296,KMeans,4,0.1063,42.5,2.1767,0.002,61,118,0.517,"61,82,67,118"
MAD_1000_PC,1000,True,30,0.7296,KMeans,5,0.1101,38.8,2.1715,0.0005,58,76,0.763,"76,58,60,67,67"
MAD_1000_PC,1000,True,30,0.7296,KMeans,6,0.1061,34.6,2.1913,-0.0027,44,66,0.667,"44,64,61,66,44,49"
MAD_1000_PC,1000,True,30,0.7296,KMeans,7,0.0986,31.3,2.2334,-0.002,27,72,0.375,"34,57,39,59,40,27,72"
MAD_1000_PC,1000,True,30,0.7296,KMeans,8,0.1001,29.1,2.2302,-0.0011,20,56,0.357,"48,56,46,29,20,46,37,46"
MAD_1000_PC,1000,True,30,0.7296,Ward,2,0.1227,51.4,2.2984,-0.0049,107,221,0.484,"221,107"
MAD_1000_PC,1000,True,30,0.7296,Ward,3,0.0995,43.4,2.5326,-0.0027,102,119,0.857,"107,102,119"
MAD_1000_PC,1000,True,30,0.7296,Ward,4,0.0791,35.1,2.5539,-0.0034,50,119,0.42,"102,57,119,50"
MAD_1000_PC,1000,True,30,0.7296,Ward,5,0.0697,31.2,2.4466,-0.0005,44,119,0.37,"119,57,58,50,44"
MAD_1000_PC,1000,True,30,0.7296,Ward,6,0.072,28.8,2.5892,0.0035,44,65,0.677,"57,65,58,50,44,54"
MAD_1000_PC,1000,True,30,0.7296,Ward,7,0.0688,26.7,2.4869,0.0029,20,65,0.308,"58,65,54,50,44,37,20"
MAD_1000_PC,1000,True,30,0.7296,Ward,8,0.0716,25.1,2.3558,0.0035,20,65,0.308,"65,35,54,50,44,37,20,23"
MAD_1000_PC,1000,True,30,0.7296,GMM,2,0.1019,43.7,2.6905,0.0,160,168,0.952,"168,160"
MAD_1000_PC,1000,True,30,0.7296,GMM,3,0.1,43.1,2.5474,-0.0036,101,118,0.856,"101,109,118"
MAD_1000_PC,1000,True,30,0.7296,GMM,4,0.0957,37.5,2.4492,-0.003,71,103,0.689,"81,73,103,71"
MAD_1000_PC,1000,True,30,0.7296,GMM,5,0.0885,32.7,2.5085,-0.0032,48,79,0.608,"61,48,79,71,69"
MAD_1000_PC,1000,True,30,0.7296,GMM,6,0.1028,34.2,2.2589,0.0,32,63,0.508,"55,58,60,32,60,63"
MAD_1000_PC,1000,True,30,0.7296,Spectral,2,0.1328,54.2,2.2524,0.0005,109,219,0.498,"109,219"
MAD_1000_PC,1000,True,30,0.7296,Spectral,3,0.1165,48.4,2.3307,-0.0031,89,128,0.695,"128,89,111"
MAD_1000_PC,1000,True,30,0.7296,Spectral,4,0.0996,40.3,2.3668,-0.004,67,99,0.677,"87,99,75,67"
MAD_1000_PC,1000,True,30,0.7296,Spectral,5,0.1001,36.0,2.2292,-0.0004,42,89,0.472,"89,42,53,80,64"
MAD_1000_PC,1000,True,30,0.7296,Spectral,6,0.098,31.9,2.2372,-0.0002,41,70,0.586,"46,70,64,41,64,43"
MAD_1000_PC,1000,True,30,0.7296,Spectral,7,0.093,29.2,2.2205,-0.0026,20,63,0.317,"39,63,46,59,60,20,41"
MAD_1000_PC,1000,True,30,0.7296,Spectral,8,0.0939,27.7,2.1486,-0.002,20,56,0.357,"44,56,20,41,31,46,56,34"
MAD_2000_PC,2000,True,10,0.5776,KMeans,2,0.1963,92.5,1.7823,-0.0019,130,198,0.657,"130,198"
MAD_2000_PC,2000,True,10,0.5776,KMeans,3,0.1591,70.9,1.9694,-0.0028,78,133,0.586,"78,133,117"
MAD_2000_PC,2000,True,10,0.5776,KMeans,4,0.1472,62.1,1.9295,-0.0041,67,104,0.644,"84,73,67,104"
MAD_2000_PC,2000,True,10,0.5776,KMeans,5,0.1436,55.7,1.8936,-0.0023,60,74,0.811,"65,65,74,60,64"
MAD_2000_PC,2000,True,10,0.5776,KMeans,6,0.1478,51.7,1.7899,-0.0026,34,71,0.479,"57,71,34,61,54,51"
MAD_2000_PC,2000,True,10,0.5776,KMeans,7,0.1463,48.2,1.745,-0.0029,32,56,0.571,"32,56,50,44,52,43,51"
MAD_2000_PC,2000,True,10,0.5776,KMeans,8,0.1439,45.5,1.6415,-0.0006,19,53,0.358,"43,53,41,19,30,42,52,48"
MAD_2000_PC,2000,True,10,0.5776,Ward,2,0.1568,67.7,1.9812,-0.005,107,221,0.484,"221,107"
MAD_2000_PC,2000,True,10,0.5776,Ward,3,0.1219,57.0,2.1754,-0.001,94,127,0.74,"107,127,94"
MAD_2000_PC,2000,True,10,0.5776,Ward,4,0.1202,49.2,2.0835,-0.003,44,127,0.346,"127,44,94,63"
MAD_2000_PC,2000,True,10,0.5776,Ward,5,0.1005,44.4,1.9921,0.0001,43,94,0.457,"94,44,84,63,43"
MAD_2000_PC,2000,True,10,0.5776,Ward,6,0.1052,42.3,1.923,0.0019,27,84,0.321,"84,44,67,63,43,27"
MAD_2000_PC,2000,True,10,0.5776,Ward,7,0.1037,39.9,1.9357,0.0032,27,67,0.403,"44,29,67,63,43,27,55"
MAD_2000_PC,2000,True,10,0.5776,Ward,8,0.1083,38.0,1.8389,0.0032,21,67,0.313,"29,63,67,21,43,27,55,23"
MAD_2000_PC,2000,True,10,0.5776,GMM,2,0.1264,49.4,2.4287,-0.0025,127,201,0.632,"201,127"
MAD_2000_PC,2000,True,10,0.5776,GMM,3,0.0883,38.2,2.4756,-0.0031,68,182,0.374,"68,78,182"
MAD_2000_PC,2000,True,10,0.5776,GMM,4,0.0973,39.1,2.218,-0.0041,50,129,0.388,"74,50,129,75"
MAD_2000_PC,2000,True,10,0.5776,GMM,5,0.0849,37.6,2.173,-0.0028,40,103,0.388,"74,40,103,53,58"
MAD_2000_PC,2000,True,10,0.5776,GMM,6,0.1157,40.8,1.9162,-0.0008,22,79,0.278,"22,65,79,24,70,68"
MAD_2000_PC,2000,True,10,0.5776,GMM,7,0.1035,32.9,1.9992,-0.0019,4,74,0.054,"66,44,49,74,56,35,4"
MAD_2000_PC,2000,True,10,0.5776,GMM,8,0.0774,32.0,2.0296,-0.0031,4,61,0.066,"31,37,49,61,37,54,55,4"
MAD_2000_PC,2000,True,10,0.5776,Spectral,2,0.1969,89.5,1.7539,-0.0042,114,214,0.533,"114,214"
MAD_2000_PC,2000,True,10,0.5776,Spectral,3,0.1572,67.8,1.9571,-0.0018,72,150,0.48,"72,150,106"
MAD_2000_PC,2000,True,10,0.5776,Spectral,4,0.1434,59.2,1.8916,-0.0031,54,128,0.422,"54,84,128,62"
MAD_2000_PC,2000,True,10,0.5776,Spectral,5,0.1332,49.4,1.856,-0.0017,43,85,0.506,"43,85,48,76,76"
MAD_2000_PC,2000,True,10,0.5776,Spectral,6,0.1311,47.2,1.9262,-0.0018,41,69,0.594,"69,62,48,41,58,50"
MAD_2000_PC,2000,True,10,0.5776,Spectral,7,0.1284,42.8,1.8666,-0.0003,32,61,0.525,"42,47,52,32,44,61,50"
MAD_2000_PC,2000,True,10,0.5776,Spectral,8,0.1343,41.6,1.7589,-0.002,28,61,0.459,"28,45,45,61,40,42,30,37"
MAD_2000_PC,2000,True,15,0.638,KMeans,2,0.1776,81.5,1.9111,-0.0019,130,198,0.657,"198,130"
MAD_2000_PC,2000,True,15,0.638,KMeans,3,0.1402,61.8,2.1338,-0.003,80,132,0.606,"116,80,132"
MAD_2000_PC,2000,True,15,0.638,KMeans,4,0.1317,53.5,2.0828,-0.0044,69,115,0.6,"69,75,115,69"
MAD_2000_PC,2000,True,15,0.638,KMeans,5,0.1276,47.6,2.06,-0.0019,60,70,0.857,"70,60,62,70,66"
MAD_2000_PC,2000,True,15,0.638,KMeans,6,0.1296,43.8,1.9676,-0.0018,37,71,0.521,"51,61,47,61,37,71"
MAD_2000_PC,2000,True,15,0.638,KMeans,7,0.1247,40.2,1.9243,-0.0012,34,55,0.618,"46,54,34,49,50,55,40"
MAD_2000_PC,2000,True,15,0.638,KMeans,8,0.1249,37.7,1.9291,0.0007,23,53,0.434,"43,46,31,23,49,44,53,39"
MAD_2000_PC,2000,True,15,0.638,Ward,2,0.1483,63.7,2.1426,-0.0037,124,204,0.608,"124,204"
MAD_2000_PC,2000,True,15,0.638,Ward,3,0.1248,48.1,2.0144,-0.0041,57,204,0.279,"204,57,67"
MAD_2000_PC,2000,True,15,0.638,Ward,4,0.1007,43.5,2.2623,0.0051,57,131,0.435,"131,57,67,73"
MAD_2000_PC,2000,True,15,0.638,Ward,5,0.1002,39.8,2.2687,-0.0001,39,92,0.424,"92,57,67,73,39"
MAD_2000_PC,2000,True,15,0.638,Ward,6,0.0998,36.2,2.1794,-0.0018,39,73,0.534,"57,73,51,41,39,67"
MAD_2000_PC,2000,True,15,0.638,Ward,7,0.0972,33.8,2.1046,0.0,22,73,0.301,"73,41,51,35,39,67,22"
MAD_2000_PC,2000,True,15,0.638,Ward,8,0.107,31.9,1.9198,0.0002,4,69,0.058,"69,41,51,35,39,67,22,4"
MAD_2000_PC,2000,True,15,0.638,GMM,2,0.1156,40.9,2.5916,0.0005,109,219,0.498,"109,219"
MAD_2000_PC,2000,True,15,0.638,GMM,3,0.0798,34.9,2.5754,-0.0037,55,162,0.34,"111,162,55"
MAD_2000_PC,2000,True,15,0.638,GMM,4,0.0536,29.5,2.7881,-0.0021,49,131,0.374,"131,49,76,72"
MAD_2000_PC,2000,True,15,0.638,GMM,5,0.0996,38.0,2.1589,-0.0049,37,84,0.44,"84,73,60,74,37"
MAD_2000_PC,2000,True,15,0.638,GMM,6,0.1073,38.4,2.0864,-0.0025,29,77,0.377,"53,29,63,77,62,44"
MAD_2000_PC,2000,True,15,0.638,Spectral,2,0.1757,78.9,1.9108,-0.0018,121,207,0.585,"207,121"
MAD_2000_PC,2000,True,15,0.638,Spectral,3,0.1403,59.9,2.1038,-0.0032,73,146,0.5,"73,109,146"
MAD_2000_PC,2000,True,15,0.638,Spectral,4,0.1254,51.5,2.1261,-0.0031,69,108,0.639,"69,70,108,81"
MAD_2000_PC,2000,True,15,0.638,Spectral,5,0.1175,44.6,2.0429,-0.0004,41,86,0.477,"81,63,41,86,57"
MAD_2000_PC,2000,True,15,0.638,Spectral,6,0.1188,40.3,1.9949,0.0011,31,77,0.403,"71,32,65,52,31,77"
MAD_2000_PC,2000,True,15,0.638,Spectral,7,0.1155,37.5,1.9172,0.0001,27,70,0.386,"32,64,48,43,27,70,44"
MAD_2000_PC,2000,True,15,0.638,Spectral,8,0.1101,35.1,1.9507,-0.0034,26,69,0.377,"42,31,69,40,44,49,27,26"
MAD_2000_PC,2000,True,20,0.6777,KMeans,2,0.1675,75.7,1.9868,-0.0019,130,198,0.657,"130,198"
MAD_2000_PC,2000,True,20,0.6777,KMeans,3,0.1318,57.0,2.2159,-0.0023,78,132,0.591,"132,118,78"
MAD_2000_PC,2000,True,20,0.6777,KMeans,4,0.1227,49.1,2.18,-0.004,66,116,0.569,"66,76,116,70"
MAD_2000_PC,2000,True,20,0.6777,KMeans,5,0.117,43.5,2.1626,-0.0024,63,72,0.875,"63,72,65,64,64"
MAD_2000_PC,2000,True,20,0.6777,KMeans,6,0.12,39.8,2.0941,-0.0009,29,67,0.433,"65,67,59,56,52,29"
MAD_2000_PC,2000,True,20,0.6777,KMeans,7,0.1146,36.3,1.9858,-0.0,18,55,0.327,"18,52,54,55,46,55,48"
MAD_2000_PC,2000,True,20,0.6777,KMeans,8,0.1176,34.2,1.9879,-0.0001,27,53,0.509,"50,43,45,28,53,37,27,45"
MAD_2000_PC,2000,True,20,0.6777,Ward,2,0.1219,53.3,2.4157,-0.0031,150,178,0.843,"178,150"
MAD_2000_PC,2000,True,20,0.6777,Ward,3,0.0882,40.2,2.3434,-0.0041,40,150,0.267,"150,138,40"
MAD_2000_PC,2000,True,20,0.6777,Ward,4,0.0777,36.5,2.3144,-0.0058,40,138,0.29,"138,82,40,68"
MAD_2000_PC,2000,True,20,0.6777,Ward,5,0.0822,34.2,2.3394,-0.0006,40,82,0.488,"82,60,40,68,78"
MAD_2000_PC,2000,True,20,0.6777,Ward,6,0.0865,32.7,2.263,-0.0005,37,78,0.474,"45,60,40,68,78,37"
MAD_2000_PC,2000,True,20,0.6777,Ward,7,0.0923,30.3,2.0594,-0.0004,18,78,0.231,"60,78,40,68,27,37,18"
MAD_2000_PC,2000,True,20,0.6777,Ward,8,0.099,28.6,1.8795,-0.0003,4,78,0.051,"78,68,40,56,27,37,18,4"
MAD_2000_PC,2000,True,20,0.6777,GMM,2,0.0982,36.8,2.8053,0.002,118,210,0.562,"210,118"
MAD_2000_PC,2000,True,20,0.6777,GMM,3,0.0884,37.7,2.5433,-0.0037,76,137,0.555,"76,137,115"
MAD_2000_PC,2000,True,20,0.6777,GMM,4,0.0828,35.4,2.4379,-0.0009,70,92,0.761,"84,82,70,92"
MAD_2000_PC,2000,True,20,0.6777,GMM,5,0.0923,36.3,2.2416,-0.0018,57,83,0.687,"57,83,61,63,64"
MAD_2000_PC,2000,True,20,0.6777,GMM,6,0.0765,30.4,2.2297,-0.0029,29,70,0.414,"64,60,70,44,29,61"
MAD_2000_PC,2000,True,20,0.6777,Spectral,2,0.1685,72.2,1.9593,-0.0034,111,217,0.512,"217,111"
MAD_2000_PC,2000,True,20,0.6777,Spectral,3,0.1297,55.1,2.2096,-0.0012,75,143,0.524,"143,75,110"
MAD_2000_PC,2000,True,20,0.6777,Spectral,4,0.1158,47.0,2.1689,-0.0031,62,106,0.585,"106,69,91,62"
MAD_2000_PC,2000,True,20,0.6777,Spectral,5,0.1051,38.5,2.1187,-0.0014,41,89,0.461,"78,89,73,47,41"
MAD_2000_PC,2000,True,20,0.6777,Spectral,6,0.1104,37.1,2.1276,-0.0016,32,77,0.416,"36,77,45,32,70,68"
MAD_2000_PC,2000,True,20,0.6777,Spectral,7,0.1007,33.7,2.0981,-0.0022,28,72,0.389,"28,42,44,65,72,36,41"
MAD_2000_PC,2000,True,20,0.6777,Spectral,8,0.1005,31.7,2.0627,0.0014,27,60,0.45,"28,55,47,33,37,27,41,60"
MAD_2000_PC,2000,True,30,0.7324,KMeans,2,0.155,68.9,2.0835,-0.0019,130,198,0.657,"130,198"
MAD_2000_PC,2000,True,30,0.7324,KMeans,3,0.1212,51.4,2.3527,-0.0032,79,133,0.594,"79,133,116"
MAD_2000_PC,2000,True,30,0.7324,KMeans,4,0.1112,44.0,2.299,-0.0046,66,118,0.559,"73,66,118,71"
MAD_2000_PC,2000,True,30,0.7324,KMeans,5,0.1082,38.8,2.2786,-0.003,60,71,0.845,"67,64,66,60,71"
MAD_2000_PC,2000,True,30,0.7324,KMeans,6,0.1054,35.4,2.159,-0.0034,40,69,0.58,"69,61,45,60,53,40"
MAD_2000_PC,2000,True,30,0.7324,KMeans,7,0.1045,32.4,2.1006,-0.0026,19,58,0.328,"58,46,53,19,40,55,57"
MAD_2000_PC,2000,True,30,0.7324,KMeans,8,0.1112,29.8,1.9778,0.0013,4,61,0.066,"31,49,61,20,50,58,55,4"
MAD_2000_PC,2000,True,30,0.7324,Ward,2,0.1477,56.4,2.044,-0.0013,87,241,0.361,"241,87"
MAD_2000_PC,2000,True,30,0.7324,Ward,3,0.1049,43.2,2.6336,-0.0041,87,147,0.592,"94,87,147"
MAD_2000_PC,2000,True,30,0.7324,Ward,4,0.091,36.3,2.2961,-0.0055,40,147,0.272,"147,87,54,40"
MAD_2000_PC,2000,True,30,0.7324,Ward,5,0.0726,32.5,2.3392,-0.0016,36,111,0.324,"87,111,54,40,36"
MAD_2000_PC,2000,True,30,0.7324,Ward,6,0.0801,30.2,2.2659,0.0008,21,111,0.189,"111,40,54,66,36,21"
MAD_2000_PC,2000,True,30,0.7324,Ward,7,0.0818,28.1,2.3334,-0.0003,21,71,0.296,"54,40,71,66,36,21,40"
MAD_2000_PC,2000,True,30,0.7324,Ward,8,0.0903,26.5,2.1543,-0.0002,4,71,0.056,"40,50,71,66,36,21,40,4"
MAD_2000_PC,2000,True,30,0.7324,GMM,2,0.1026,42.8,2.6902,-0.0003,142,186,0.763,"142,186"
MAD_2000_PC,2000,True,30,0.7324,GMM,3,0.1001,43.9,2.5302,-0.0031,87,128,0.68,"113,87,128"
MAD_2000_PC,2000,True,30,0.7324,GMM,4,0.0925,38.6,2.4206,-0.0031,74,95,0.779,"74,82,77,95"
MAD_2000_PC,2000,True,30,0.7324,Spectral,2,0.1509,66.9,2.1161,-0.0013,131,197,0.665,"197,131"
MAD_2000_PC,2000,True,30,0.7324,Spectral,3,0.1204,49.9,2.3115,-0.0028,72,148,0.486,"72,148,108"
MAD_2000_PC,2000,True,30,0.7324,Spectral,4,0.1072,42.6,2.3002,-0.0052,58,128,0.453,"67,128,75,58"
MAD_2000_PC,2000,True,30,0.7324,Spectral,5,0.098,36.2,2.307,-0.0021,40,82,0.488,"82,70,40,79,57"
MAD_2000_PC,2000,True,30,0.7324,Spectral,6,0.0997,32.9,2.2504,-0.0018,30,82,0.366,"67,65,49,35,30,82"
MAD_2000_PC,2000,True,30,0.7324,Spectral,7,0.0903,29.8,2.1705,-0.002,26,78,0.333,"63,32,44,34,26,51,78"
MAD_2000_PC,2000,True,30,0.7324,Spectral,8,0.0909,27.5,2.1837,-0.0033,23,60,0.383,"60,29,34,36,23,42,56,48"
MAD_3000_PC,3000,True,10,0.5795,KMeans,2,0.198,94.7,1.7779,-0.0011,137,191,0.717,"137,191"
MAD_3000_PC,3000,True,10,0.5795,KMeans,3,0.158,70.4,1.9974,-0.0029,76,135,0.563,"117,135,76"
MAD_3000_PC,3000,True,10,0.5795,KMeans,4,0.15,61.6,1.9724,-0.0048,62,117,0.53,"62,73,117,76"
MAD_3000_PC,3000,True,10,0.5795,KMeans,5,0.1357,55.5,1.8825,-0.0018,52,74,0.703,"63,68,71,74,52"
MAD_3000_PC,3000,True,10,0.5795,KMeans,6,0.1451,51.5,1.7863,-0.0018,35,71,0.493,"71,64,65,49,44,35"
MAD_3000_PC,3000,True,10,0.5795,KMeans,7,0.1437,47.8,1.7021,0.0036,19,59,0.322,"54,19,59,46,46,56,48"
MAD_3000_PC,3000,True,10,0.5795,KMeans,8,0.1348,44.9,1.7091,-0.0004,19,53,0.358,"41,53,43,38,42,41,51,19"
MAD_3000_PC,3000,True,10,0.5795,Ward,2,0.1975,76.2,1.6956,-0.0044,80,248,0.323,"248,80"
MAD_3000_PC,3000,True,10,0.5795,Ward,3,0.1151,57.1,2.3338,0.0001,80,131,0.611,"131,80,117"
MAD_3000_PC,3000,True,10,0.5795,Ward,4,0.1141,51.9,2.0714,-0.0036,57,117,0.487,"117,80,57,74"
MAD_3000_PC,3000,True,10,0.5795,Ward,5,0.1011,46.8,1.9422,-0.001,48,80,0.6,"80,69,57,74,48"
MAD_3000_PC,3000,True,10,0.5795,Ward,6,0.1048,43.8,1.9317,-0.0001,32,74,0.432,"69,74,57,32,48,48"
MAD_3000_PC,3000,True,10,0.5795,Ward,7,0.1001,41.0,1.9248,0.001,32,74,0.432,"57,74,34,32,48,48,35"
MAD_3000_PC,3000,True,10,0.5795,Ward,8,0.1008,38.5,1.8972,-0.001,22,74,0.297,"74,32,34,35,48,48,35,22"
MAD_3000_PC,3000,True,10,0.5795,GMM,2,0.1319,27.4,2.9655,-0.0063,82,246,0.333,"82,246"
MAD_3000_PC,3000,True,10,0.5795,GMM,3,0.126,53.4,2.3707,-0.0051,76,157,0.484,"95,157,76"
MAD_3000_PC,3000,True,10,0.5795,GMM,4,0.0698,32.8,2.405,-0.0066,29,167,0.174,"72,29,167,60"
MAD_3000_PC,3000,True,10,0.5795,GMM,5,0.0693,29.3,2.4596,-0.0046,30,119,0.252,"67,32,80,30,119"
MAD_3000_PC,3000,True,10,0.5795,GMM,8,0.0781,33.7,2.0439,-0.0017,20,64,0.312,"48,58,21,64,36,39,42,20"
MAD_3000_PC,3000,True,10,0.5795,Spectral,2,0.2,91.3,1.7432,-0.0045,115,213,0.54,"213,115"
MAD_3000_PC,3000,True,10,0.5795,Spectral,3,0.157,68.3,1.9905,-0.0011,74,148,0.5,"74,106,148"
MAD_3000_PC,3000,True,10,0.5795,Spectral,4,0.1401,58.8,1.9766,-0.0032,60,127,0.472,"67,127,60,74"
MAD_3000_PC,3000,True,10,0.5795,Spectral,5,0.1337,50.2,1.919,-0.0031,39,82,0.476,"80,61,39,82,66"
MAD_3000_PC,3000,True,10,0.5795,Spectral,6,0.1376,47.8,1.8555,-0.0017,28,81,0.346,"74,36,28,47,81,62"
MAD_3000_PC,3000,True,10,0.5795,Spectral,7,0.1298,44.5,1.8268,-0.0001,30,63,0.476,"63,44,48,30,46,35,62"
MAD_3000_PC,3000,True,10,0.5795,Spectral,8,0.1304,42.1,1.7871,-0.0009,29,63,0.46,"45,40,63,33,29,29,48,41"
MAD_3000_PC,3000,True,15,0.6382,KMeans,2,0.1796,83.8,1.9018,-0.0011,137,191,0.717,"137,191"
MAD_3000_PC,3000,True,15,0.6382,KMeans,3,0.1385,61.5,2.1624,-0.0012,78,138,0.565,"78,138,112"
MAD_3000_PC,3000,True,15,0.6382,KMeans,4,0.1286,53.3,2.1422,-0.0035,68,115,0.591,"69,76,115,68"
MAD_3000_PC,3000,True,15,0.6382,KMeans,5,0.1233,47.5,2.0746,-0.0028,59,70,0.843,"70,59,68,69,62"
MAD_3000_PC,3000,True,15,0.6382,KMeans,6,0.1286,43.8,1.9566,0.0014,25,68,0.368,"68,61,25,56,53,65"
MAD_3000_PC,3000,True,15,0.6382,KMeans,7,0.124,40.3,1.8775,0.0011,21,68,0.309,"42,58,42,45,52,68,21"
MAD_3000_PC,3000,True,15,0.6382,KMeans,8,0.1294,37.9,1.7501,-0.0013,4,56,0.071,"47,29,42,56,47,55,4,48"
MAD_3000_PC,3000,True,15,0.6382,Ward,2,0.1744,59.4,1.8032,-0.0035,67,261,0.257,"261,67"
MAD_3000_PC,3000,True,15,0.6382,Ward,3,0.1108,48.0,2.3983,-0.0042,67,163,0.411,"98,67,163"
MAD_3000_PC,3000,True,15,0.6382,Ward,4,0.0972,42.9,2.0906,-0.0072,44,163,0.27,"163,67,54,44"
MAD_3000_PC,3000,True,15,0.6382,Ward,5,0.1031,40.5,2.1723,-0.0006,44,86,0.512,"67,86,54,44,77"
MAD_3000_PC,3000,True,15,0.6382,Ward,6,0.1052,37.8,2.06,0.0023,22,86,0.256,"86,77,54,44,45,22"
MAD_3000_PC,3000,True,15,0.6382,Ward,7,0.1001,35.2,1.9997,0.0034,22,77,0.286,"40,77,54,44,45,22,46"
MAD_3000_PC,3000,True,15,0.6382,Ward,8,0.1021,33.2,1.79,0.0035,4,77,0.052,"77,44,54,36,45,22,46,4"
MAD_3000_PC,3000,True,15,0.6382,GMM,2,0.0896,27.7,3.2487,0.0004,122,206,0.592,"206,122"
MAD_3000_PC,3000,True,15,0.6382,GMM,3,0.0622,29.5,2.8792,-0.006,70,180,0.389,"70,180,78"
MAD_3000_PC,3000,True,15,0.6382,GMM,4,0.0699,31.2,2.5817,-0.0003,64,96,0.667,"64,87,81,96"
MAD_3000_PC,3000,True,15,0.6382,GMM,6,0.0967,33.7,2.2331,-0.0018,28,70,0.4,"51,70,70,45,28,64"
MAD_3000_PC,3000,True,15,0.6382,GMM,7,0.1034,34.7,2.0894,-0.0024,30,68,0.441,"68,36,30,61,62,41,30"
MAD_3000_PC,3000,True,15,0.6382,Spectral,2,0.1808,81.9,1.8805,-0.0032,122,206,0.592,"206,122"
MAD_3000_PC,3000,True,15,0.6382,Spectral,3,0.1361,59.1,2.1553,0.0015,74,147,0.503,"74,147,107"
MAD_3000_PC,3000,True,15,0.6382,Spectral,4,0.1208,50.4,2.14,-0.0016,65,122,0.533,"73,122,68,65"
MAD_3000_PC,3000,True,15,0.6382,Spectral,5,0.106,40.5,2.0488,0.0003,39,88,0.443,"82,39,46,73,88"
MAD_3000_PC,3000,True,15,0.6382,Spectral,6,0.1204,40.9,1.9878,0.0024,26,73,0.356,"66,73,70,57,26,36"
MAD_3000_PC,3000,True,15,0.6382,Spectral,7,0.11,37.8,1.9319,0.0021,26,70,0.371,"35,70,26,50,62,38,47"
MAD_3000_PC,3000,True,15,0.6382,Spectral,8,0.1052,34.7,1.9703,0.0013,22,63,0.349,"61,39,63,35,35,47,26,22"
MAD_3000_PC,3000,True,20,0.6782,KMeans,2,0.1689,77.7,1.9797,-0.0016,138,190,0.726,"138,190"
MAD_3000_PC,3000,True,20,0.6782,KMeans,3,0.1306,56.7,2.2548,-0.0028,77,134,0.575,"117,77,134"
MAD_3000_PC,3000,True,20,0.6782,KMeans,4,0.1213,48.8,2.238,-0.0047,64,117,0.547,"64,75,117,72"
MAD_3000_PC,3000,True,20,0.6782,KMeans,5,0.1097,43.3,2.1755,-0.0024,52,72,0.722,"71,52,72,69,64"
MAD_3000_PC,3000,True,20,0.6782,KMeans,6,0.1166,39.8,2.0632,-0.0006,30,67,0.448,"67,65,66,53,47,30"
MAD_3000_PC,3000,True,20,0.6782,KMeans,7,0.1135,36.6,2.0452,-0.0015,29,57,0.509,"57,46,47,43,50,29,56"
MAD_3000_PC,3000,True,20,0.6782,KMeans,8,0.1101,34.2,1.9497,0.0026,23,52,0.442,"46,51,28,43,23,52,41,44"
MAD_3000_PC,3000,True,20,0.6782,Ward,2,0.1291,46.4,2.2625,0.0014,84,244,0.344,"244,84"
MAD_3000_PC,3000,True,20,0.6782,Ward,3,0.0729,39.3,2.7297,-0.0005,84,135,0.622,"135,84,109"
MAD_3000_PC,3000,True,20,0.6782,Ward,4,0.0667,35.0,2.385,0.0027,61,109,0.56,"84,74,109,61"
MAD_3000_PC,3000,True,20,0.6782,Ward,5,0.0745,32.7,2.2865,0.0041,39,109,0.358,"109,74,39,61,45"
MAD_3000_PC,3000,True,20,0.6782,Ward,6,0.0857,31.9,2.2135,-0.0008,39,74,0.527,"39,74,40,61,45,69"
MAD_3000_PC,3000,True,20,0.6782,Ward,7,0.0886,29.7,2.0366,-0.0005,15,74,0.203,"74,61,40,24,45,69,15"
MAD_3000_PC,3000,True,20,0.6782,Ward,8,0.0834,28.2,2.1104,0.0013,15,69,0.217,"40,61,69,38,45,36,15,24"
MAD_3000_PC,3000,True,20,0.6782,GMM,2,0.0996,37.0,2.7635,0.0038,114,214,0.533,"114,214"
MAD_3000_PC,3000,True,20,0.6782,GMM,3,0.0617,29.5,3.152,-0.0039,77,154,0.5,"97,154,77"
MAD_3000_PC,3000,True,20,0.6782,GMM,4,0.0832,34.9,2.4765,-0.0036,55,107,0.514,"55,100,107,66"
MAD_3000_PC,3000,True,20,0.6782,GMM,5,0.0817,35.2,2.33,-0.0032,53,86,0.616,"86,63,65,53,61"
MAD_3000_PC,3000,True,20,0.6782,GMM,6,0.0871,33.6,2.2206,-0.0028,42,69,0.609,"69,48,60,64,45,42"
MAD_3000_PC,3000,True,20,0.6782,Spectral,2,0.1698,74.2,1.955,-0.0035,116,212,0.547,"212,116"
MAD_3000_PC,3000,True,20,0.6782,Spectral,3,0.1293,54.4,2.2166,-0.0018,69,149,0.463,"149,110,69"
MAD_3000_PC,3000,True,20,0.6782,Spectral,4,0.1089,45.5,2.217,-0.0034,58,123,0.472,"123,80,67,58"
MAD_3000_PC,3000,True,20,0.6782,Spectral,5,0.1043,38.2,2.1607,-0.0022,41,93,0.441,"93,59,81,54,41"
MAD_3000_PC,3000,True,20,0.6782,Spectral,6,0.094,33.7,2.1473,-0.0037,28,109,0.257,"38,45,77,28,109,31"
MAD_3000_PC,3000,True,20,0.6782,Spectral,7,0.0981,33.3,2.1174,-0.0021,29,86,0.337,"49,86,29,36,43,50,35"
MAD_3000_PC,3000,True,20,0.6782,Spectral,8,0.0998,31.9,2.1032,0.0013,25,64,0.391,"37,39,36,25,64,48,28,51"
MAD_3000_PC,3000,True,30,0.7333,KMeans,2,0.1568,70.7,2.075,-0.0011,137,191,0.717,"137,191"
MAD_3000_PC,3000,True,30,0.7333,KMeans,3,0.1203,51.2,2.3827,-0.0028,77,134,0.575,"134,77,117"
MAD_3000_PC,3000,True,30,0.7333,KMeans,4,0.1092,43.8,2.3566,-0.0042,68,117,0.581,"68,69,117,74"
MAD_3000_PC,3000,True,30,0.7333,KMeans,5,0.1054,38.7,2.3199,-0.0033,57,73,0.781,"73,71,69,58,57"
MAD_3000_PC,3000,True,30,0.7333,KMeans,6,0.1052,35.3,2.1369,-0.0033,43,71,0.606,"43,44,48,61,71,61"
MAD_3000_PC,3000,True,30,0.7333,KMeans,7,0.1131,32.3,1.9904,-0.0005,4,70,0.057,"53,4,31,70,69,57,44"
MAD_3000_PC,3000,True,30,0.7333,KMeans,8,0.107,30.3,1.9648,-0.001,4,56,0.071,"52,56,54,18,53,44,47,4"
MAD_3000_PC,3000,True,30,0.7333,Ward,2,0.1256,49.9,2.3997,-0.0026,116,212,0.547,"212,116"
MAD_3000_PC,3000,True,30,0.7333,Ward,3,0.0925,38.8,2.4136,-0.006,47,165,0.285,"116,165,47"
MAD_3000_PC,3000,True,30,0.7333,Ward,4,0.0845,35.5,2.3661,-0.0063,47,165,0.285,"165,55,47,61"
MAD_3000_PC,3000,True,30,0.7333,Ward,5,0.0661,31.7,2.714,-0.0021,47,90,0.522,"90,55,47,61,75"
MAD_3000_PC,3000,True,30,0.7333,Ward,6,0.0656,29.2,2.4274,-0.0007,38,75,0.507,"55,61,47,52,75,38"
MAD_3000_PC,3000,True,30,0.7333,Ward,7,0.0728,27.7,2.327,0.0004,22,75,0.293,"47,61,22,52,75,38,33"
MAD_3000_PC,3000,True,30,0.7333,Ward,8,0.0806,26.2,2.1418,0.0005,4,75,0.053,"61,75,22,52,43,38,33,4"
MAD_3000_PC,3000,True,30,0.7333,GMM,2,0.0909,31.4,2.9533,-0.0024,102,226,0.451,"226,102"
MAD_3000_PC,3000,True,30,0.7333,GMM,3,0.082,33.8,2.7325,-0.0011,84,159,0.528,"84,85,159"
MAD_3000_PC,3000,True,30,0.7333,GMM,4,0.086,35.6,2.6657,-0.0025,42,120,0.35,"42,120,74,92"
MAD_3000_PC,3000,True,30,0.7333,GMM,5,0.1004,36.4,2.2772,-0.002,34,107,0.318,"70,34,48,107,69"
MAD_3000_PC,3000,True,30,0.7333,Spectral,2,0.157,68.6,2.0526,-0.0036,121,207,0.585,"207,121"
MAD_3000_PC,3000,True,30,0.7333,Spectral,3,0.1161,48.5,2.3671,0.0001,72,140,0.514,"140,72,116"
MAD_3000_PC,3000,True,30,0.7333,Spectral,4,0.1051,42.0,2.3484,-0.0046,59,128,0.461,"59,74,128,67"
MAD_3000_PC,3000,True,30,0.7333,Spectral,5,0.0961,34.9,2.3471,-0.0019,38,79,0.481,"79,60,74,77,38"
MAD_3000_PC,3000,True,30,0.7333,Spectral,6,0.1013,33.4,2.2703,-0.0009,27,85,0.318,"85,53,58,69,36,27"
MAD_3000_PC,3000,True,30,0.7333,Spectral,7,0.0919,29.9,2.2307,0.0,25,78,0.321,"78,53,42,35,25,50,45"
MAD_3000_PC,3000,True,30,0.7333,Spectral,8,0.0989,28.3,2.1214,0.0017,25,54,0.463,"54,35,47,54,37,33,25,43"
MAD_5000_PC,5000,True,10,0.58,KMeans,2,0.2013,95.5,1.7737,-0.0021,139,189,0.735,"139,189"
MAD_5000_PC,5000,True,10,0.58,KMeans,3,0.1639,70.3,1.8959,-0.0028,81,149,0.544,"149,98,81"
MAD_5000_PC,5000,True,10,0.58,KMeans,4,0.1496,61.6,1.9918,-0.0033,63,123,0.512,"70,63,123,72"
MAD_5000_PC,5000,True,10,0.58,KMeans,5,0.1428,55.5,1.8994,-0.0032,44,80,0.55,"60,80,68,44,76"
MAD_5000_PC,5000,True,10,0.58,KMeans,6,0.1449,52.1,1.7664,-0.0003,25,76,0.329,"42,63,58,25,64,76"
MAD_5000_PC,5000,True,10,0.58,KMeans,7,0.1418,48.4,1.6737,0.001,21,72,0.292,"72,21,59,40,50,44,42"
MAD_5000_PC,5000,True,10,0.58,KMeans,8,0.1421,45.5,1.6632,0.0025,21,58,0.362,"58,54,21,48,40,39,30,38"
MAD_5000_PC,5000,True,10,0.58,Ward,2,0.1969,77.6,1.7229,-0.0032,85,243,0.35,"243,85"
MAD_5000_PC,5000,True,10,0.58,Ward,3,0.0994,57.8,2.4225,-0.0022,85,156,0.545,"156,85,87"
MAD_5000_PC,5000,True,10,0.58,Ward,4,0.0982,50.2,2.1775,0.0004,45,111,0.405,"85,111,87,45"
MAD_5000_PC,5000,True,10,0.58,Ward,5,0.1045,46.7,2.0512,0.001,37,111,0.333,"111,45,87,48,37"
MAD_5000_PC,5000,True,10,0.58,Ward,6,0.1045,44.7,1.8985,0.003,37,87,0.425,"87,45,62,48,37,49"
MAD_5000_PC,5000,True,10,0.58,Ward,7,0.1139,42.4,1.9077,-0.0012,35,62,0.565,"35,45,52,48,37,49,62"
MAD_5000_PC,5000,True,10,0.58,Ward,8,0.1182,40.1,1.6961,-0.0011,4,62,0.065,"52,45,62,48,37,49,31,4"
MAD_5000_PC,5000,True,10,0.58,GMM,2,0.1288,23.8,3.1883,-0.006,81,247,0.328,"247,81"
MAD_5000_PC,5000,True,10,0.58,GMM,3,0.096,40.6,2.7503,-0.0049,55,154,0.357,"119,55,154"
MAD_5000_PC,5000,True,10,0.58,GMM,4,0.0827,32.2,2.5634,-0.0021,36,132,0.273,"132,92,36,68"
MAD_5000_PC,5000,True,10,0.58,GMM,8,0.0934,34.2,2.2395,-0.0038,19,71,0.268,"38,54,43,21,71,19,59,23"
MAD_5000_PC,5000,True,10,0.58,Spectral,2,0.2033,91.7,1.7547,-0.0043,118,210,0.562,"210,118"
MAD_5000_PC,5000,True,10,0.58,Spectral,3,0.151,65.9,2.0583,-0.0001,69,150,0.46,"109,69,150"
MAD_5000_PC,5000,True,10,0.58,Spectral,4,0.1399,58.8,2.0032,-0.0016,62,132,0.47,"62,62,132,72"
MAD_5000_PC,5000,True,10,0.58,Spectral,5,0.14,51.4,1.836,-0.0045,29,130,0.223,"48,130,50,71,29"
MAD_5000_PC,5000,True,10,0.58,Spectral,6,0.1413,49.7,1.8117,-0.0013,29,88,0.33,"35,51,52,88,29,73"
MAD_5000_PC,5000,True,10,0.58,Spectral,7,0.1338,45.0,1.8098,-0.0028,30,77,0.39,"41,51,44,53,32,30,77"
MAD_5000_PC,5000,True,10,0.58,Spectral,8,0.1295,41.9,1.7912,-0.0028,27,65,0.415,"51,50,29,31,41,27,65,34"
MAD_5000_PC,5000,True,15,0.6379,KMeans,2,0.1821,84.6,1.8984,-0.0027,141,187,0.754,"187,141"
MAD_5000_PC,5000,True,15,0.6379,KMeans,3,0.1466,61.6,2.0344,-0.0028,81,149,0.544,"149,81,98"
MAD_5000_PC,5000,True,15,0.6379,KMeans,4,0.1313,53.4,2.1448,-0.0033,63,123,0.512,"63,70,72,123"
MAD_5000_PC,5000,True,15,0.6379,KMeans,5,0.1246,47.7,2.0762,-0.0036,44,79,0.557,"44,61,69,79,75"
MAD_5000_PC,5000,True,15,0.6379,KMeans,6,0.1266,44.4,1.9203,-0.0019,25,76,0.329,"65,55,66,76,25,41"
MAD_5000_PC,5000,True,15,0.6379,KMeans,7,0.1381,40.8,1.7439,0.0004,4,73,0.055,"71,60,42,25,53,73,4"
MAD_5000_PC,5000,True,15,0.6379,KMeans,8,0.132,38.6,1.6959,0.0018,4,60,0.067,"60,44,49,39,4,59,21,52"
MAD_5000_PC,5000,True,15,0.6379,Ward,2,0.1449,67.3,2.1435,-0.003,161,167,0.964,"161,167"
MAD_5000_PC,5000,True,15,0.6379,Ward,3,0.1161,48.6,2.3027,-0.0039,80,167,0.479,"167,81,80"
MAD_5000_PC,5000,True,15,0.6379,Ward,4,0.0982,42.1,2.3087,-0.0052,40,127,0.315,"127,81,80,40"
MAD_5000_PC,5000,True,15,0.6379,Ward,5,0.0877,38.3,2.2722,-0.0007,40,81,0.494,"81,40,80,70,57"
MAD_5000_PC,5000,True,15,0.6379,Ward,6,0.0932,36.7,2.1152,0.0038,22,80,0.275,"80,40,59,70,57,22"
MAD_5000_PC,5000,True,15,0.6379,Ward,7,0.0884,34.7,2.1077,0.0041,22,70,0.314,"40,70,59,42,57,22,38"
MAD_5000_PC,5000,True,15,0.6379,Ward,8,0.0981,32.9,1.9165,0.0042,4,70,0.057,"70,36,59,42,57,22,38,4"
MAD_5000_PC,5000,True,15,0.6379,GMM,2,0.0786,16.8,3.9407,0.0002,94,234,0.402,"234,94"
MAD_5000_PC,5000,True,15,0.6379,GMM,3,0.0579,26.2,2.9779,-0.003,75,138,0.543,"115,138,75"
MAD_5000_PC,5000,True,15,0.6379,GMM,4,0.0708,32.6,2.6618,-0.0052,45,122,0.369,"45,104,122,57"
MAD_5000_PC,5000,True,15,0.6379,GMM,6,0.0825,34.5,2.3055,-0.0022,39,81,0.481,"46,52,50,81,60,39"
MAD_5000_PC,5000,True,15,0.6379,Spectral,2,0.1851,82.2,1.857,-0.0038,117,211,0.555,"211,117"
MAD_5000_PC,5000,True,15,0.6379,Spectral,3,0.1305,58.2,2.2167,0.0007,74,142,0.521,"112,142,74"
MAD_5000_PC,5000,True,15,0.6379,Spectral,4,0.1193,50.2,2.1742,-0.0036,65,128,0.508,"70,128,65,65"
MAD_5000_PC,5000,True,15,0.6379,Spectral,5,0.1155,43.9,1.9773,-0.0048,31,123,0.252,"123,57,31,46,71"
MAD_5000_PC,5000,True,15,0.6379,Spectral,6,0.1247,42.4,2.028,0.0015,29,77,0.377,"67,29,77,58,58,39"
MAD_5000_PC,5000,True,15,0.6379,Spectral,7,0.1141,38.7,2.0094,0.0012,29,70,0.414,"35,70,29,54,58,43,39"
MAD_5000_PC,5000,True,15,0.6379,Spectral,8,0.0973,34.9,1.8753,-0.0011,20,74,0.27,"29,64,74,39,44,37,21,20"
MAD_5000_PC,5000,True,20,0.6777,KMeans,2,0.1728,78.5,1.9696,-0.0025,138,190,0.726,"190,138"
MAD_5000_PC,5000,True,20,0.6777,KMeans,3,0.137,56.8,2.1309,-0.0036,79,150,0.527,"99,79,150"
MAD_5000_PC,5000,True,20,0.6777,KMeans,4,0.1211,48.9,2.2645,-0.004,64,121,0.529,"64,72,71,121"
MAD_5000_PC,5000,True,20,0.6777,KMeans,5,0.1148,43.5,2.1774,-0.0038,44,78,0.564,"76,61,78,44,69"
MAD_5000_PC,5000,True,20,0.6777,KMeans,6,0.1148,40.2,2.058,-0.0029,32,73,0.438,"71,43,48,32,61,73"
MAD_5000_PC,5000,True,20,0.6777,KMeans,7,0.1118,36.8,1.9947,-0.0027,27,64,0.422,"27,42,39,63,64,31,62"
MAD_5000_PC,5000,True,20,0.6777,KMeans,8,0.109,34.3,1.9754,0.0008,23,55,0.418,"44,55,36,23,38,49,49,34"
MAD_5000_PC,5000,True,20,0.6777,Ward,2,0.1578,60.0,1.9771,-0.005,86,242,0.355,"242,86"
MAD_5000_PC,5000,True,20,0.6777,Ward,3,0.0765,45.1,2.7368,-0.0033,86,126,0.683,"126,86,116"
MAD_5000_PC,5000,True,20,0.6777,Ward,4,0.0794,38.7,2.4371,0.0002,37,116,0.319,"86,89,116,37"
MAD_5000_PC,5000,True,20,0.6777,Ward,5,0.085,35.6,2.265,0.004,22,116,0.19,"116,89,64,37,22"
MAD_5000_PC,5000,True,20,0.6777,Ward,6,0.0818,33.7,2.1034,0.0022,22,89,0.247,"89,37,64,80,22,36"
MAD_5000_PC,5000,True,20,0.6777,Ward,7,0.0916,31.3,1.9089,0.0024,4,85,0.047,"37,85,64,80,22,36,4"
MAD_5000_PC,5000,True,20,0.6777,Ward,8,0.0915,29.5,1.823,0.0026,4,85,0.047,"85,80,64,25,22,36,4,12"
MAD_5000_PC,5000,True,20,0.6777,GMM,2,0.0901,31.8,2.7797,0.0032,91,237,0.384,"237,91"
MAD_5000_PC,5000,True,20,0.6777,GMM,3,0.0569,28.4,3.0548,-0.0047,77,163,0.472,"88,77,163"
MAD_5000_PC,5000,True,20,0.6777,GMM,4,0.0719,33.6,2.4878,-0.0035,53,137,0.387,"137,55,53,83"
MAD_5000_PC,5000,True,20,0.6777,GMM,5,0.0885,35.6,2.2622,-0.0046,40,103,0.388,"75,50,60,40,103"
MAD_5000_PC,5000,True,20,0.6777,Spectral,2,0.1756,76.3,1.9239,-0.0039,115,213,0.54,"213,115"
MAD_5000_PC,5000,True,20,0.6777,Spectral,3,0.1226,53.3,2.3081,-0.0012,73,137,0.533,"118,73,137"
MAD_5000_PC,5000,True,20,0.6777,Spectral,4,0.1102,46.5,2.2344,-0.0031,54,134,0.403,"134,64,76,54"
MAD_5000_PC,5000,True,20,0.6777,Spectral,5,0.1064,39.9,2.0767,-0.004,30,135,0.222,"135,30,59,38,66"
MAD_5000_PC,5000,True,20,0.6777,Spectral,6,0.111,37.4,2.1402,0.0001,29,82,0.354,"29,58,31,60,82,68"
MAD_5000_PC,5000,True,20,0.6777,Spectral,7,0.0977,33.6,2.1484,-0.0025,29,81,0.358,"57,47,29,46,31,37,81"
MAD_5000_PC,5000,True,20,0.6777,Spectral,8,0.0913,31.1,2.0572,-0.0004,28,78,0.359,"29,51,78,31,28,38,42,31"
MAD_5000_PC,5000,True,30,0.7328,KMeans,2,0.1598,71.3,2.0671,-0.0025,138,190,0.726,"190,138"
MAD_5000_PC,5000,True,30,0.7328,KMeans,3,0.1254,51.3,2.2395,-0.0017,83,147,0.565,"98,147,83"
MAD_5000_PC,5000,True,30,0.7328,KMeans,4,0.1108,43.9,2.3821,-0.0034,64,123,0.52,"123,71,64,70"
MAD_5000_PC,5000,True,30,0.7328,KMeans,5,0.1037,38.8,2.3112,-0.0036,45,79,0.57,"45,60,75,79,69"
MAD_5000_PC,5000,True,30,0.7328,KMeans,6,0.1035,35.6,2.1865,-0.0016,28,74,0.378,"42,63,74,71,28,50"
MAD_5000_PC,5000,True,30,0.7328,KMeans,7,0.1101,32.6,1.9997,0.0005,4,76,0.053,"24,57,62,76,52,53,4"
MAD_5000_PC,5000,True,30,0.7328,KMeans,8,0.1057,29.9,2.0531,-0.0019,23,62,0.371,"33,36,62,23,55,55,27,37"
MAD_5000_PC,5000,True,30,0.7328,Ward,2,0.1425,61.5,2.1974,-0.0024,129,199,0.648,"199,129"
MAD_5000_PC,5000,True,30,0.7328,Ward,3,0.1004,41.5,2.3962,-0.0049,38,161,0.236,"129,161,38"
MAD_5000_PC,5000,True,30,0.7328,Ward,4,0.0825,35.5,2.4515,-0.0048,38,161,0.236,"161,76,38,53"
MAD_5000_PC,5000,True,30,0.7328,Ward,5,0.0656,32.1,2.5313,-0.0019,38,106,0.358,"76,106,38,53,55"
MAD_5000_PC,5000,True,30,0.7328,Ward,6,0.0654,29.4,2.4312,-0.0006,26,106,0.245,"106,53,38,50,55,26"
MAD_5000_PC,5000,True,30,0.7328,Ward,7,0.07,27.8,2.449,0.0012,26,56,0.464,"38,53,56,50,55,26,50"
MAD_5000_PC,5000,True,30,0.7328,Ward,8,0.0772,26.2,2.2512,0.0012,4,56,0.071,"53,50,56,34,55,26,50,4"
MAD_5000_PC,5000,True,30,0.7328,GMM,2,0.0751,31.7,3.0443,-0.0026,125,203,0.616,"203,125"
MAD_5000_PC,5000,True,30,0.7328,GMM,3,0.0707,32.5,2.8977,-0.0046,82,146,0.562,"146,100,82"
MAD_5000_PC,5000,True,30,0.7328,GMM,4,0.076,35.0,2.5158,-0.0015,66,121,0.545,"68,73,121,66"
MAD_5000_PC,5000,True,30,0.7328,Spectral,2,0.1612,69.2,2.0236,-0.0041,116,212,0.547,"116,212"
MAD_5000_PC,5000,True,30,0.7328,Spectral,3,0.1175,49.3,2.426,-0.0025,73,141,0.518,"114,141,73"
MAD_5000_PC,5000,True,30,0.7328,Spectral,4,0.1017,41.2,2.4061,-0.0045,61,130,0.469,"64,73,61,130"
MAD_5000_PC,5000,True,30,0.7328,Spectral,5,0.0975,35.9,2.1942,-0.0043,29,128,0.227,"52,75,29,44,128"
MAD_5000_PC,5000,True,30,0.7328,Spectral,6,0.1015,33.6,2.2711,-0.0027,29,85,0.341,"29,85,35,57,71,51"
MAD_5000_PC,5000,True,30,0.7328,Spectral,7,0.0928,30.5,2.252,-0.0024,29,70,0.414,"48,40,35,50,70,29,56"
MAD_5000_PC,5000,True,30,0.7328,Spectral,8,0.0937,28.5,2.1469,0.0005,25,64,0.391,"29,52,25,64,44,33,33,48"
MAD_2000_ALL,2000,False,10,0.4601,KMeans,2,0.2184,117.0,1.624,-0.003,157,171,0.918,"171,157"
MAD_2000_ALL,2000,False,10,0.4601,KMeans,3,0.1663,87.1,1.84,-0.0015,100,118,0.847,"118,100,110"
MAD_2000_ALL,2000,False,10,0.4601,KMeans,4,0.1526,74.5,1.7978,0.008,73,94,0.777,"80,94,73,81"
MAD_2000_ALL,2000,False,10,0.4601,KMeans,5,0.1491,64.7,1.7742,0.0029,41,88,0.466,"88,67,41,59,73"
MAD_2000_ALL,2000,False,10,0.4601,KMeans,6,0.1454,59.1,1.712,0.0037,40,80,0.5,"65,80,40,40,45,58"
MAD_2000_ALL,2000,False,10,0.4601,KMeans,7,0.1441,54.6,1.7413,0.0062,33,58,0.569,"49,58,46,33,55,39,48"
MAD_2000_ALL,2000,False,10,0.4601,KMeans,8,0.1335,50.9,1.8431,0.006,34,50,0.68,"47,34,34,38,50,45,38,42"
MAD_2000_ALL,2000,False,10,0.4601,Ward,2,0.1715,81.3,1.7501,-0.0001,101,227,0.445,"227,101"
MAD_2000_ALL,2000,False,10,0.4601,Ward,3,0.1234,72.1,2.0407,-0.0012,73,154,0.474,"154,101,73"
MAD_2000_ALL,2000,False,10,0.4601,Ward,4,0.0988,61.0,2.069,0.0102,69,101,0.683,"101,85,73,69"
MAD_2000_ALL,2000,False,10,0.4601,Ward,5,0.0923,53.6,2.0645,0.0106,42,85,0.494,"85,59,73,69,42"
MAD_2000_ALL,2000,False,10,0.4601,Ward,6,0.0955,48.8,2.0614,0.011,42,73,0.575,"73,59,42,69,42,43"
MAD_2000_ALL,2000,False,10,0.4601,Ward,7,0.1016,46.0,2.0511,0.0058,25,69,0.362,"59,48,42,69,42,43,25"
MAD_2000_ALL,2000,False,10,0.4601,Ward,8,0.1072,43.1,1.9438,0.0063,12,69,0.174,"48,47,42,69,42,43,25,12"
MAD_2000_ALL,2000,False,10,0.4601,GMM,2,0.123,23.3,3.2187,-0.0058,83,245,0.339,"245,83"
MAD_2000_ALL,2000,False,10,0.4601,GMM,3,0.0743,38.0,2.5608,-0.0069,46,188,0.245,"94,46,188"
MAD_2000_ALL,2000,False,10,0.4601,GMM,4,0.0649,28.0,2.8216,-0.0025,35,116,0.302,"35,116,114,63"
MAD_2000_ALL,2000,False,10,0.4601,GMM,5,0.0614,35.8,2.5908,-0.0054,36,100,0.36,"53,100,36,43,96"
MAD_2000_ALL,2000,False,10,0.4601,GMM,6,0.0648,37.3,2.2586,0.0029,32,107,0.299,"107,34,43,68,32,44"
MAD_2000_ALL,2000,False,10,0.4601,GMM,7,0.071,37.7,2.1177,-0.0037,25,79,0.316,"53,43,59,25,36,79,33"
MAD_2000_ALL,2000,False,10,0.4601,Spectral,2,0.2073,109.9,1.6545,-0.0026,145,183,0.792,"145,183"
MAD_2000_ALL,2000,False,10,0.4601,Spectral,3,0.1757,80.0,1.8677,0.0045,81,129,0.628,"81,118,129"
MAD_2000_ALL,2000,False,10,0.4601,Spectral,4,0.147,67.1,1.7629,-0.0045,29,123,0.236,"70,123,29,106"
MAD_2000_ALL,2000,False,10,0.4601,Spectral,5,0.1356,61.4,1.7508,-0.0034,29,98,0.296,"98,62,29,56,83"
MAD_2000_ALL,2000,False,10,0.4601,Spectral,6,0.1307,55.8,1.6997,-0.002,24,100,0.24,"39,58,100,51,24,56"
MAD_2000_ALL,2000,False,10,0.4601,Spectral,7,0.1287,50.8,1.7647,0.0063,24,91,0.264,"41,91,34,50,36,52,24"
MAD_2000_ALL,2000,False,10,0.4601,Spectral,8,0.1254,47.4,1.7494,0.0126,24,72,0.333,"32,41,45,52,24,31,72,31"
MAD_2000_ALL,2000,False,15,0.509,KMeans,2,0.1984,102.4,1.7457,-0.003,156,172,0.907,"156,172"
MAD_2000_ALL,2000,False,15,0.509,KMeans,3,0.1466,75.1,1.9913,-0.0022,102,118,0.864,"102,118,108"
MAD_2000_ALL,2000,False,15,0.509,KMeans,4,0.1347,63.4,1.9717,0.0071,73,93,0.785,"93,81,81,73"
MAD_2000_ALL,2000,False,15,0.509,KMeans,5,0.1211,54.6,1.9592,0.005,61,70,0.871,"61,70,61,70,66"
MAD_2000_ALL,2000,False,15,0.509,KMeans,6,0.1247,49.4,1.8946,0.0038,39,81,0.481,"39,50,43,68,47,81"
MAD_2000_ALL,2000,False,15,0.509,KMeans,7,0.1145,45.2,1.9407,0.0054,36,77,0.468,"36,37,38,38,77,55,47"
MAD_2000_ALL,2000,False,15,0.509,KMeans,8,0.1185,41.5,2.0611,0.0038,27,52,0.519,"52,38,30,27,50,44,46,41"
MAD_2000_ALL,2000,False,15,0.509,Ward,2,0.1694,83.2,1.8927,-0.0027,132,196,0.673,"196,132"
MAD_2000_ALL,2000,False,15,0.509,Ward,3,0.1131,58.8,2.3239,-0.0027,92,132,0.697,"104,132,92"
MAD_2000_ALL,2000,False,15,0.509,Ward,4,0.0982,50.8,2.0131,-0.0004,38,132,0.288,"132,66,92,38"
MAD_2000_ALL,2000,False,15,0.509,Ward,5,0.0803,44.6,2.3323,0.0112,38,92,0.413,"67,66,92,38,65"
MAD_2000_ALL,2000,False,15,0.509,Ward,6,0.0902,40.7,2.1244,0.0067,27,92,0.293,"92,66,40,38,65,27"
MAD_2000_ALL,2000,False,15,0.509,Ward,7,0.0888,38.0,2.1965,0.0046,27,66,0.409,"66,35,40,38,65,27,57"
MAD_2000_ALL,2000,False,15,0.509,Ward,8,0.0836,36.0,2.1188,0.0053,25,65,0.385,"40,35,57,38,65,27,41,25"
MAD_2000_ALL,2000,False,15,0.509,GMM,2,0.0996,28.3,2.8662,0.0036,82,246,0.333,"246,82"
MAD_2000_ALL,2000,False,15,0.509,GMM,3,0.0912,34.8,2.5865,-0.0034,74,175,0.423,"79,74,175"
MAD_2000_ALL,2000,False,15,0.509,GMM,4,0.0845,41.2,2.2956,-0.0029,63,108,0.583,"63,75,82,108"
MAD_2000_ALL,2000,False,15,0.509,GMM,5,0.0852,44.4,2.2852,-0.0018,45,89,0.506,"45,72,71,89,51"
MAD_2000_ALL,2000,False,15,0.509,GMM,6,0.0875,40.5,2.0968,0.0008,43,84,0.512,"44,53,52,84,43,52"
MAD_2000_ALL,2000,False,15,0.509,Spectral,2,0.1884,96.6,1.7779,-0.0032,146,182,0.802,"182,146"
MAD_2000_ALL,2000,False,15,0.509,Spectral,3,0.1538,69.5,2.0279,0.0002,86,126,0.683,"86,116,126"
MAD_2000_ALL,2000,False,15,0.509,Spectral,4,0.1287,57.5,1.9354,-0.0056,32,117,0.274,"117,110,69,32"
MAD_2000_ALL,2000,False,15,0.509,Spectral,5,0.1156,51.5,1.9631,-0.0035,29,90,0.322,"90,56,29,63,90"
MAD_2000_ALL,2000,False,15,0.509,Spectral,6,0.115,46.4,1.9559,0.0028,23,83,0.277,"83,54,53,23,66,49"
MAD_2000_ALL,2000,False,15,0.509,Spectral,7,0.1083,42.0,1.945,0.0053,23,89,0.258,"89,37,56,48,23,38,37"
MAD_2000_ALL,2000,False,15,0.509,Spectral,8,0.1046,39.0,2.0669,0.0017,23,65,0.354,"35,65,29,29,42,48,57,23"
MAD_2000_ALL,2000,False,20,0.5458,KMeans,2,0.186,93.5,1.8309,-0.003,156,172,0.907,"156,172"
MAD_2000_ALL,2000,False,20,0.5458,KMeans,3,0.1337,67.9,2.0811,-0.002,101,119,0.849,"119,108,101"
MAD_2000_ALL,2000,False,20,0.5458,KMeans,4,0.1235,56.9,2.0956,0.0054,75,93,0.806,"79,93,75,81"
MAD_2000_ALL,2000,False,20,0.5458,KMeans,5,0.1196,48.9,2.0846,0.0002,41,84,0.488,"68,78,84,57,41"
MAD_2000_ALL,2000,False,20,0.5458,KMeans,6,0.1084,43.6,2.1096,-0.0027,39,75,0.52,"50,45,75,39,64,55"
MAD_2000_ALL,2000,False,20,0.5458,KMeans,7,0.114,39.8,1.8442,0.0009,4,75,0.053,"75,40,45,41,54,69,4"
MAD_2000_ALL,2000,False,20,0.5458,KMeans,8,0.1,36.9,2.109,0.0068,35,53,0.66,"37,46,53,44,37,37,35,39"
MAD_2000_ALL,2000,False,20,0.5458,Ward,2,0.1442,68.7,2.1211,-0.0028,148,180,0.822,"180,148"
MAD_2000_ALL,2000,False,20,0.5458,Ward,3,0.1051,56.7,2.2475,-0.0018,79,148,0.534,"148,79,101"
MAD_2000_ALL,2000,False,20,0.5458,Ward,4,0.0939,48.9,2.4046,0.0085,61,101,0.604,"61,79,101,87"
MAD_2000_ALL,2000,False,20,0.5458,Ward,5,0.0921,41.3,2.2867,0.0027,20,101,0.198,"79,87,101,41,20"
MAD_2000_ALL,2000,False,20,0.5458,Ward,6,0.0756,36.9,2.2902,0.0045,20,101,0.198,"101,87,49,41,20,30"
MAD_2000_ALL,2000,False,20,0.5458,Ward,7,0.0736,34.1,2.2603,0.0065,20,87,0.23,"87,74,49,41,20,30,27"
MAD_2000_ALL,2000,False,20,0.5458,Ward,8,0.0786,32.3,2.1894,0.0072,20,74,0.27,"74,30,49,41,20,30,27,57"
MAD_2000_ALL,2000,False,20,0.5458,GMM,2,0.0997,34.1,2.7549,0.0038,97,231,0.42,"231,97"
MAD_2000_ALL,2000,False,20,0.5458,GMM,3,0.0797,35.3,2.5533,-0.0012,64,157,0.408,"64,157,107"
MAD_2000_ALL,2000,False,20,0.5458,GMM,4,0.0965,45.7,2.2219,-0.0047,45,104,0.433,"92,45,104,87"
MAD_2000_ALL,2000,False,20,0.5458,GMM,5,0.0739,38.7,2.4811,0.0006,54,79,0.684,"62,54,79,60,73"
MAD_2000_ALL,2000,False,20,0.5458,GMM,6,0.0884,39.2,2.1466,-0.0001,41,71,0.577,"41,64,47,41,71,64"
MAD_2000_ALL,2000,False,20,0.5458,GMM,7,0.0828,33.7,2.3103,-0.003,17,67,0.254,"50,39,56,67,57,42,17"
MAD_2000_ALL,2000,False,20,0.5458,Spectral,2,0.1757,88.0,1.8625,-0.0032,144,184,0.783,"184,144"
MAD_2000_ALL,2000,False,20,0.5458,Spectral,3,0.1421,61.6,2.1031,0.0002,81,128,0.633,"81,119,128"
MAD_2000_ALL,2000,False,20,0.5458,Spectral,4,0.1183,52.3,2.0419,-0.0054,32,112,0.286,"111,112,73,32"
MAD_2000_ALL,2000,False,20,0.5458,Spectral,5,0.1009,45.2,2.064,-0.0022,29,98,0.296,"91,49,29,61,98"
MAD_2000_ALL,2000,False,20,0.5458,Spectral,6,0.0931,40.7,1.9759,0.0017,23,102,0.225,"61,102,55,49,23,38"
MAD_2000_ALL,2000,False,20,0.5458,Spectral,7,0.0971,36.9,2.0586,0.0036,23,89,0.258,"46,23,89,45,34,54,37"
MAD_2000_ALL,2000,False,20,0.5458,Spectral,8,0.0893,33.5,2.0885,0.0035,21,56,0.375,"55,49,28,27,21,56,54,38"
MAD_2000_ALL,2000,False,30,0.5995,KMeans,2,0.1714,83.1,1.9413,-0.003,156,172,0.907,"172,156"
MAD_2000_ALL,2000,False,30,0.5995,KMeans,3,0.1199,59.8,2.2174,-0.0019,101,118,0.856,"118,101,109"
MAD_2000_ALL,2000,False,30,0.5995,KMeans,4,0.1142,49.7,2.2283,-0.0017,49,97,0.505,"49,86,96,97"
MAD_2000_ALL,2000,False,30,0.5995,KMeans,5,0.1074,42.4,2.2493,0.0012,38,93,0.409,"66,93,38,76,55"
MAD_2000_ALL,2000,False,30,0.5995,KMeans,6,0.0942,37.8,2.1681,0.0049,38,79,0.481,"71,40,79,38,53,47"
MAD_2000_ALL,2000,False,30,0.5995,KMeans,7,0.0898,34.2,2.236,0.0064,36,70,0.514,"36,47,36,42,44,70,53"
MAD_2000_ALL,2000,False,30,0.5995,KMeans,8,0.0921,31.4,2.3368,0.0008,27,57,0.474,"37,49,46,27,57,50,27,35"
MAD_2000_ALL,2000,False,30,0.5995,Ward,2,0.1475,71.2,2.0509,-0.0031,138,190,0.726,"190,138"
MAD_2000_ALL,2000,False,30,0.5995,Ward,3,0.0921,51.7,2.3586,0.0019,64,138,0.464,"126,138,64"
MAD_2000_ALL,2000,False,30,0.5995,Ward,4,0.0973,41.9,2.2267,-0.0023,28,138,0.203,"138,98,64,28"
MAD_2000_ALL,2000,False,30,0.5995,Ward,5,0.0716,36.2,2.3848,-0.0036,28,102,0.275,"102,98,64,28,36"
MAD_2000_ALL,2000,False,30,0.5995,Ward,6,0.0665,32.8,2.3107,-0.0006,28,98,0.286,"98,71,64,28,36,31"
MAD_2000_ALL,2000,False,30,0.5995,Ward,7,0.0685,30.5,2.4355,0.0079,28,71,0.394,"60,71,64,28,36,31,38"
MAD_2000_ALL,2000,False,30,0.5995,Ward,8,0.0754,28.4,2.2393,0.008,4,71,0.056,"71,56,64,28,36,31,38,4"
MAD_2000_ALL,2000,False,30,0.5995,GMM,2,0.095,27.8,3.031,0.015,89,239,0.372,"239,89"
MAD_2000_ALL,2000,False,30,0.5995,GMM,3,0.1031,39.4,2.4362,-0.0026,65,176,0.369,"65,176,87"
MAD_2000_ALL,2000,False,30,0.5995,GMM,4,0.0934,41.5,2.3821,-0.0038,42,124,0.339,"67,42,124,95"
MAD_2000_ALL,2000,False,30,0.5995,GMM,5,0.0962,40.7,2.3181,-0.0032,42,86,0.488,"86,42,78,72,50"
MAD_2000_ALL,2000,False,30,0.5995,Spectral,2,0.1609,78.5,1.9621,-0.0033,141,187,0.754,"187,141"
MAD_2000_ALL,2000,False,30,0.5995,Spectral,3,0.1286,54.2,2.2798,0.0003,83,125,0.664,"83,125,120"
MAD_2000_ALL,2000,False,30,0.5995,Spectral,4,0.1049,45.0,2.1804,-0.0056,30,119,0.252,"119,110,69,30"
MAD_2000_ALL,2000,False,30,0.5995,Spectral,5,0.093,39.7,2.2193,-0.0019,30,101,0.297,"101,59,30,53,85"
MAD_2000_ALL,2000,False,30,0.5995,Spectral,6,0.094,35.6,2.229,0.0011,22,82,0.268,"82,54,68,47,22,55"
MAD_2000_ALL,2000,False,30,0.5995,Spectral,7,0.0879,32.1,2.2858,0.004,23,79,0.291,"37,79,23,44,56,42,47"
MAD_2000_ALL,2000,False,30,0.5995,Spectral,8,0.0859,29.5,2.2891,0.0061,22,55,0.4,"42,55,22,40,48,43,32,46"
MAD_3000_ALL,3000,False,10,0.4793,KMeans,2,0.2215,118.5,1.6066,-0.0025,151,177,0.853,"177,151"
MAD_3000_ALL,3000,False,10,0.4793,KMeans,3,0.164,87.2,1.8383,-0.0035,95,124,0.766,"95,109,124"
MAD_3000_ALL,3000,False,10,0.4793,KMeans,4,0.1444,74.3,1.8155,0.0043,71,100,0.71,"100,75,82,71"
MAD_3000_ALL,3000,False,10,0.4793,KMeans,5,0.1398,65.1,1.8032,0.0029,54,72,0.75,"72,69,72,61,54"
MAD_3000_ALL,3000,False,10,0.4793,KMeans,6,0.1436,59.1,1.771,0.0019,39,76,0.513,"65,39,76,45,47,56"
MAD_3000_ALL,3000,False,10,0.4793,KMeans,7,0.1406,54.2,1.7844,-0.0003,29,61,0.475,"52,61,29,45,45,55,41"
MAD_3000_ALL,3000,False,10,0.4793,KMeans,8,0.1374,51.0,1.8219,0.0019,32,50,0.64,"50,45,38,32,47,39,36,41"
MAD_3000_ALL,3000,False,10,0.4793,Ward,2,0.1949,93.0,1.7151,-0.0045,113,215,0.526,"215,113"
MAD_3000_ALL,3000,False,10,0.4793,Ward,3,0.1228,71.3,2.0883,-0.0015,83,132,0.629,"132,113,83"
MAD_3000_ALL,3000,False,10,0.4793,Ward,4,0.1093,59.2,2.151,0.0007,40,113,0.354,"113,92,83,40"
MAD_3000_ALL,3000,False,10,0.4793,Ward,5,0.1034,53.5,2.0506,-0.0036,28,92,0.304,"92,85,83,40,28"
MAD_3000_ALL,3000,False,10,0.4793,Ward,6,0.0965,48.9,1.9863,-0.0017,28,85,0.329,"85,40,83,42,28,50"
MAD_3000_ALL,3000,False,10,0.4793,Ward,7,0.0957,46.0,2.0373,-0.001,28,83,0.337,"83,40,42,42,28,50,43"
MAD_3000_ALL,3000,False,10,0.4793,Ward,8,0.1027,43.5,1.9878,-0.0009,26,57,0.456,"42,40,57,42,28,50,43,26"
MAD_3000_ALL,3000,False,10,0.4793,GMM,2,0.1257,18.9,3.3596,-0.0065,67,261,0.257,"261,67"
MAD_3000_ALL,3000,False,10,0.4793,GMM,3,0.0681,32.4,2.7797,-0.0038,58,155,0.374,"155,115,58"
MAD_3000_ALL,3000,False,10,0.4793,GMM,4,0.0339,23.3,3.361,-0.0005,23,137,0.168,"61,137,107,23"
MAD_3000_ALL,3000,False,10,0.4793,GMM,7,0.067,33.5,2.2966,0.0008,24,78,0.308,"36,68,24,54,35,33,78"
MAD_3000_ALL,3000,False,10,0.4793,Spectral,2,0.2104,111.6,1.6411,-0.0029,144,184,0.783,"144,184"
MAD_3000_ALL,3000,False,10,0.4793,Spectral,3,0.1765,79.8,1.9044,0.0039,81,130,0.623,"81,117,130"
MAD_3000_ALL,3000,False,10,0.4793,Spectral,4,0.1439,67.4,1.8065,-0.0017,32,120,0.267,"103,32,73,120"
MAD_3000_ALL,3000,False,10,0.4793,Spectral,5,0.1355,60.6,1.8602,-0.0034,31,96,0.323,"31,70,65,96,66"
MAD_3000_ALL,3000,False,10,0.4793,Spectral,6,0.1294,56.0,1.7481,-0.0019,25,90,0.278,"42,90,53,25,61,57"
MAD_3000_ALL,3000,False,10,0.4793,Spectral,7,0.1217,49.7,1.7633,0.0007,25,99,0.253,"99,54,34,32,50,34,25"
MAD_3000_ALL,3000,False,10,0.4793,Spectral,8,0.1246,46.4,1.7512,0.0087,25,74,0.338,"50,39,74,28,34,29,49,25"
MAD_3000_ALL,3000,False,15,0.5287,KMeans,2,0.2014,104.0,1.7259,-0.0025,151,177,0.853,"177,151"
MAD_3000_ALL,3000,False,15,0.5287,KMeans,3,0.1443,75.4,1.9832,-0.0035,95,124,0.766,"95,124,109"
MAD_3000_ALL,3000,False,15,0.5287,KMeans,4,0.1292,63.5,1.9795,0.0033,74,99,0.747,"99,77,78,74"
MAD_3000_ALL,3000,False,15,0.5287,KMeans,5,0.1201,55.1,1.9542,0.0012,54,79,0.684,"79,54,67,62,66"
MAD_3000_ALL,3000,False,15,0.5287,KMeans,6,0.1246,49.5,1.9907,0.0014,38,68,0.559,"67,68,47,50,38,58"
MAD_3000_ALL,3000,False,15,0.5287,KMeans,7,0.1171,45.2,2.0096,0.0036,33,66,0.5,"40,66,53,45,50,33,41"
MAD_3000_ALL,3000,False,15,0.5287,KMeans,8,0.1102,42.1,1.9719,0.0019,29,53,0.547,"48,47,29,53,34,51,33,33"
MAD_3000_ALL,3000,False,15,0.5287,Ward,2,0.1697,85.0,1.904,-0.0027,156,172,0.907,"172,156"
MAD_3000_ALL,3000,False,15,0.5287,Ward,3,0.1175,64.5,2.1887,0.0063,76,156,0.487,"156,96,76"
MAD_3000_ALL,3000,False,15,0.5287,Ward,4,0.0936,52.9,2.3594,0.0053,38,118,0.322,"118,96,76,38"
MAD_3000_ALL,3000,False,15,0.5287,Ward,5,0.0793,45.7,2.3159,0.0066,38,96,0.396,"96,78,76,38,40"
MAD_3000_ALL,3000,False,15,0.5287,Ward,6,0.0768,41.5,2.2796,-0.0004,27,78,0.346,"76,78,69,38,40,27"
MAD_3000_ALL,3000,False,15,0.5287,Ward,7,0.0824,38.6,2.1577,0.0004,27,78,0.346,"78,38,69,45,40,27,31"
MAD_3000_ALL,3000,False,15,0.5287,Ward,8,0.0839,36.4,2.1356,0.0059,27,69,0.391,"69,38,50,45,40,27,31,28"
MAD_3000_ALL,3000,False,15,0.5287,GMM,2,0.0977,19.5,3.5113,-0.0019,81,247,0.328,"247,81"
MAD_3000_ALL,3000,False,15,0.5287,GMM,3,0.0996,44.0,2.6107,-0.0045,65,168,0.387,"95,65,168"
MAD_3000_ALL,3000,False,15,0.5287,GMM,4,0.093,42.0,2.2717,-0.0022,50,103,0.485,"103,50,96,79"
MAD_3000_ALL,3000,False,15,0.5287,GMM,5,0.0763,37.6,2.3479,-0.0038,39,100,0.39,"39,82,100,47,60"
MAD_3000_ALL,3000,False,15,0.5287,GMM,6,0.0806,39.8,2.4169,-0.0027,39,98,0.398,"39,48,43,56,98,44"
MAD_3000_ALL,3000,False,15,0.5287,GMM,7,0.0679,35.9,2.5925,0.0053,25,62,0.403,"49,62,52,25,47,48,45"
MAD_3000_ALL,3000,False,15,0.5287,Spectral,2,0.1901,97.9,1.7695,-0.0031,148,180,0.822,"148,180"
MAD_3000_ALL,3000,False,15,0.5287,Spectral,3,0.1538,69.1,2.058,0.0017,85,130,0.654,"85,113,130"
MAD_3000_ALL,3000,False,15,0.5287,Spectral,4,0.1264,58.2,1.9567,-0.0056,32,118,0.271,"70,108,118,32"
MAD_3000_ALL,3000,False,15,0.5287,Spectral,5,0.1217,52.3,2.0384,0.0029,59,72,0.819,"71,59,61,72,65"
MAD_3000_ALL,3000,False,15,0.5287,Spectral,6,0.1187,47.1,2.02,0.0005,27,71,0.38,"44,61,60,27,65,71"
MAD_3000_ALL,3000,False,15,0.5287,Spectral,7,0.1049,41.8,1.9779,0.0025,29,96,0.302,"42,34,33,58,36,29,96"
MAD_3000_ALL,3000,False,15,0.5287,Spectral,8,0.1107,39.9,2.0441,0.0046,20,71,0.282,"48,71,20,27,40,56,33,33"
MAD_3000_ALL,3000,False,20,0.5657,KMeans,2,0.1889,95.3,1.8091,-0.0022,152,176,0.864,"176,152"
MAD_3000_ALL,3000,False,20,0.5657,KMeans,3,0.1329,68.5,2.0852,-0.0035,95,124,0.766,"124,109,95"
MAD_3000_ALL,3000,False,20,0.5657,KMeans,4,0.1185,57.3,2.0886,0.0022,71,96,0.74,"71,83,96,78"
MAD_3000_ALL,3000,False,20,0.5657,KMeans,5,0.1095,49.4,2.0841,-0.0,54,74,0.73,"73,74,67,54,60"
MAD_3000_ALL,3000,False,20,0.5657,KMeans,6,0.1124,44.2,2.0779,0.0008,38,72,0.528,"63,63,38,43,72,49"
MAD_3000_ALL,3000,False,20,0.5657,KMeans,7,0.1163,40.1,1.9485,-0.0018,4,70,0.057,"4,68,45,70,56,51,34"
MAD_3000_ALL,3000,False,20,0.5657,KMeans,8,0.1067,37.2,2.0081,-0.0011,4,62,0.065,"62,33,53,51,47,35,4,43"
MAD_3000_ALL,3000,False,20,0.5657,Ward,2,0.1573,74.4,2.0112,-0.0035,133,195,0.682,"195,133"
MAD_3000_ALL,3000,False,20,0.5657,Ward,3,0.1109,59.8,2.239,-0.0021,71,133,0.534,"133,124,71"
MAD_3000_ALL,3000,False,20,0.5657,Ward,4,0.098,51.1,2.2265,-0.004,63,124,0.508,"124,70,71,63"
MAD_3000_ALL,3000,False,20,0.5657,Ward,5,0.0935,45.2,2.1596,0.0035,44,80,0.55,"70,80,71,63,44"
MAD_3000_ALL,3000,False,20,0.5657,Ward,6,0.0987,40.2,2.2177,0.0014,33,80,0.412,"37,80,71,63,44,33"
MAD_3000_ALL,3000,False,20,0.5657,Ward,7,0.1054,36.7,1.9535,0.0015,4,80,0.05,"71,80,33,63,44,33,4"
MAD_3000_ALL,3000,False,20,0.5657,Ward,8,0.1017,34.2,2.0501,0.0018,4,80,0.05,"80,23,33,48,44,33,4,63"
MAD_3000_ALL,3000,False,20,0.5657,GMM,2,0.0873,33.2,2.8558,-0.0006,106,222,0.477,"222,106"
MAD_3000_ALL,3000,False,20,0.5657,GMM,3,0.0764,36.4,2.5003,0.0003,67,164,0.409,"164,97,67"
MAD_3000_ALL,3000,False,20,0.5657,GMM,4,0.0885,43.3,2.2867,-0.0037,58,125,0.464,"63,125,58,82"
MAD_3000_ALL,3000,False,20,0.5657,GMM,5,0.0924,41.0,2.2412,-0.0034,39,93,0.419,"70,72,54,39,93"
MAD_3000_ALL,3000,False,20,0.5657,GMM,6,0.089,39.4,2.3932,-0.0038,34,84,0.405,"59,52,51,48,34,84"
MAD_3000_ALL,3000,False,20,0.5657,GMM,7,0.0826,34.8,2.3479,0.0004,23,68,0.338,"42,53,47,23,46,68,49"
MAD_3000_ALL,3000,False,20,0.5657,Spectral,2,0.1791,90.4,1.8498,-0.0028,150,178,0.843,"150,178"
MAD_3000_ALL,3000,False,20,0.5657,Spectral,3,0.132,61.7,2.1971,-0.0016,104,114,0.912,"104,110,114"
MAD_3000_ALL,3000,False,20,0.5657,Spectral,4,0.1173,53.1,2.0542,-0.0049,32,111,0.288,"75,111,110,32"
MAD_3000_ALL,3000,False,20,0.5657,Spectral,5,0.1071,42.4,2.2348,-0.0026,31,91,0.341,"91,77,61,31,68"
MAD_3000_ALL,3000,False,20,0.5657,Spectral,6,0.1029,42.1,2.0859,0.0033,23,82,0.28,"82,61,48,23,60,54"
MAD_3000_ALL,3000,False,20,0.5657,Spectral,7,0.0935,37.6,2.0842,0.0015,23,86,0.267,"58,54,86,40,33,34,23"
MAD_3000_ALL,3000,False,20,0.5657,Spectral,8,0.0947,35.2,2.1272,0.0005,25,61,0.41,"30,48,51,25,35,50,28,61"
MAD_3000_ALL,3000,False,30,0.6175,KMeans,2,0.1753,85.3,1.9127,-0.0022,152,176,0.864,"176,152"
MAD_3000_ALL,3000,False,30,0.6175,KMeans,3,0.1191,60.8,2.2031,-0.0035,95,124,0.766,"95,109,124"
MAD_3000_ALL,3000,False,30,0.6175,KMeans,4,0.1036,50.3,2.2231,0.0029,73,95,0.768,"76,84,73,95"
MAD_3000_ALL,3000,False,30,0.6175,KMeans,5,0.1004,43.1,2.289,-0.0001,54,78,0.692,"78,54,61,67,68"
MAD_3000_ALL,3000,False,30,0.6175,KMeans,6,0.1035,38.5,2.2228,0.0005,37,81,0.457,"47,54,37,81,47,62"
MAD_3000_ALL,3000,False,30,0.6175,KMeans,7,0.1065,35.0,1.9942,0.0025,4,76,0.053,"4,76,40,39,61,65,43"
MAD_3000_ALL,3000,False,30,0.6175,KMeans,8,0.0939,32.5,2.0911,0.0031,4,69,0.058,"36,38,69,45,47,4,51,38"
MAD_3000_ALL,3000,False,30,0.6175,Ward,2,0.1576,68.9,2.0551,-0.0037,119,209,0.569,"209,119"
MAD_3000_ALL,3000,False,30,0.6175,Ward,3,0.0979,53.7,2.3638,-0.0004,80,129,0.62,"119,129,80"
MAD_3000_ALL,3000,False,30,0.6175,Ward,4,0.09,43.0,2.3475,-0.0053,34,129,0.264,"129,85,80,34"
MAD_3000_ALL,3000,False,30,0.6175,Ward,5,0.0815,37.6,2.424,-0.0035,34,85,0.4,"85,85,80,34,44"
MAD_3000_ALL,3000,False,30,0.6175,Ward,6,0.074,33.3,2.4589,0.0008,27,85,0.318,"58,85,80,34,44,27"
MAD_3000_ALL,3000,False,30,0.6175,Ward,7,0.0804,30.4,2.2232,0.001,4,85,0.047,"80,85,54,34,44,27,4"
MAD_3000_ALL,3000,False,30,0.6175,Ward,8,0.0631,28.2,2.3111,0.0009,4,85,0.047,"85,44,54,33,47,27,4,34"
MAD_3000_ALL,3000,False,30,0.6175,GMM,2,0.1001,27.5,2.9154,0.0059,78,250,0.312,"250,78"
MAD_3000_ALL,3000,False,30,0.6175,GMM,3,0.0874,35.6,2.5201,0.004,62,177,0.35,"89,62,177"
MAD_3000_ALL,3000,False,30,0.6175,GMM,4,0.0947,42.9,2.3821,-0.0051,43,105,0.41,"87,43,93,105"
MAD_3000_ALL,3000,False,30,0.6175,GMM,5,0.088,39.7,2.3104,-0.0023,41,91,0.451,"90,91,57,41,49"
MAD_3000_ALL,3000,False,30,0.6175,GMM,6,0.0902,37.1,2.3201,-0.0008,31,76,0.408,"57,31,70,76,43,51"
MAD_3000_ALL,3000,False,30,0.6175,Spectral,2,0.1647,80.8,1.9498,-0.003,147,181,0.812,"147,181"
MAD_3000_ALL,3000,False,30,0.6175,Spectral,3,0.1251,55.3,2.348,0.0001,97,117,0.829,"117,97,114"
MAD_3000_ALL,3000,False,30,0.6175,Spectral,4,0.1056,47.2,2.1917,-0.0051,34,113,0.301,"105,76,34,113"
MAD_3000_ALL,3000,False,30,0.6175,Spectral,5,0.0933,39.5,2.2705,-0.0007,31,100,0.31,"76,31,63,100,58"
MAD_3000_ALL,3000,False,30,0.6175,Spectral,6,0.0948,36.6,2.2498,0.0029,23,75,0.307,"75,52,58,23,66,54"
MAD_3000_ALL,3000,False,30,0.6175,Spectral,7,0.0851,32.7,2.2608,0.0006,24,81,0.296,"47,58,81,41,24,40,37"
MAD_3000_ALL,3000,False,30,0.6175,Spectral,8,0.0806,30.0,2.1804,0.0035,23,66,0.348,"45,61,66,47,23,33,24,29"
MAD_5000_ALL,5000,False,10,0.499,KMeans,2,0.2235,120.5,1.5887,-0.0028,150,178,0.843,"178,150"
MAD_5000_ALL,5000,False,10,0.499,KMeans,3,0.1562,88.0,1.8941,0.0027,95,127,0.748,"127,106,95"
MAD_5000_ALL,5000,False,10,0.499,KMeans,4,0.1497,74.7,1.8181,-0.0019,68,99,0.687,"99,76,68,85"
MAD_5000_ALL,5000,False,10,0.499,KMeans,5,0.1377,64.9,1.84,0.0003,55,73,0.753,"55,73,63,70,67"
MAD_5000_ALL,5000,False,10,0.499,KMeans,6,0.1419,58.9,1.8446,0.0007,40,61,0.656,"52,61,60,56,59,40"
MAD_5000_ALL,5000,False,10,0.499,KMeans,7,0.136,54.5,1.8291,-0.0007,34,61,0.557,"36,56,48,61,34,43,50"
MAD_5000_ALL,5000,False,10,0.499,KMeans,8,0.1486,51.0,1.6659,-0.0006,4,62,0.065,"62,49,55,45,21,57,4,35"
MAD_5000_ALL,5000,False,10,0.499,Ward,2,0.1886,94.0,1.721,-0.0042,120,208,0.577,"208,120"
MAD_5000_ALL,5000,False,10,0.499,Ward,3,0.1275,72.7,2.1187,0.0053,103,120,0.858,"120,105,103"
MAD_5000_ALL,5000,False,10,0.499,Ward,4,0.0987,58.1,2.2001,0.0085,59,105,0.562,"105,61,103,59"
MAD_5000_ALL,5000,False,10,0.499,Ward,5,0.1015,51.8,2.1459,0.0107,41,103,0.398,"103,61,64,59,41"
MAD_5000_ALL,5000,False,10,0.499,Ward,6,0.0966,48.0,2.1077,0.0068,41,64,0.641,"61,48,64,59,41,55"
MAD_5000_ALL,5000,False,10,0.499,Ward,7,0.1043,44.8,1.9873,0.0016,28,64,0.438,"48,33,64,59,41,55,28"
MAD_5000_ALL,5000,False,10,0.499,Ward,8,0.097,42.3,1.8975,0.0011,18,64,0.281,"33,41,64,59,30,55,28,18"
MAD_5000_ALL,5000,False,10,0.499,GMM,2,0.1116,23.8,3.0836,0.0044,77,251,0.307,"251,77"
MAD_5000_ALL,5000,False,10,0.499,GMM,3,0.097,36.9,2.2536,-0.002,52,208,0.25,"208,52,68"
MAD_5000_ALL,5000,False,10,0.499,GMM,4,0.0624,31.0,2.6529,-0.003,43,120,0.358,"88,77,120,43"
MAD_5000_ALL,5000,False,10,0.499,GMM,6,0.0513,31.6,2.3238,0.0031,27,110,0.245,"110,50,57,41,43,27"
MAD_5000_ALL,5000,False,10,0.499,GMM,7,0.0897,41.2,2.1629,-0.0015,24,66,0.364,"37,38,62,66,52,49,24"
MAD_5000_ALL,5000,False,10,0.499,GMM,8,0.0782,34.1,1.9872,0.0006,19,72,0.264,"36,37,61,31,34,38,72,19"
MAD_5000_ALL,5000,False,10,0.499,Spectral,2,0.2167,114.3,1.6071,-0.0032,136,192,0.708,"192,136"
MAD_5000_ALL,5000,False,10,0.499,Spectral,3,0.1619,85.0,1.8414,-0.0042,82,132,0.621,"114,82,132"
MAD_5000_ALL,5000,False,10,0.499,Spectral,4,0.1457,69.8,1.817,-0.0052,35,119,0.294,"119,67,35,107"
MAD_5000_ALL,5000,False,10,0.499,Spectral,5,0.141,61.4,1.8848,-0.0005,50,82,0.61,"74,52,82,50,70"
MAD_5000_ALL,5000,False,10,0.499,Spectral,6,0.1382,55.4,1.8846,-0.002,30,76,0.395,"49,49,55,69,30,76"
MAD_5000_ALL,5000,False,10,0.499,Spectral,7,0.1343,50.7,1.8424,0.0002,29,84,0.345,"84,33,45,29,31,47,59"
MAD_5000_ALL,5000,False,10,0.499,Spectral,8,0.1245,46.1,1.8603,-0.0011,22,89,0.247,"36,45,35,30,29,22,42,89"
MAD_5000_ALL,5000,False,15,0.5497,KMeans,2,0.2025,105.9,1.7122,-0.003,160,168,0.952,"168,160"
MAD_5000_ALL,5000,False,15,0.5497,KMeans,3,0.1375,76.2,2.0418,0.0031,94,127,0.74,"127,107,94"
MAD_5000_ALL,5000,False,15,0.5497,KMeans,4,0.129,64.0,2.0111,0.0008,72,100,0.72,"78,100,72,78"
MAD_5000_ALL,5000,False,15,0.5497,KMeans,5,0.1213,55.2,2.0212,-0.0031,55,77,0.714,"67,55,62,77,67"
MAD_5000_ALL,5000,False,15,0.5497,KMeans,6,0.1212,49.5,2.0255,-0.0004,46,64,0.719,"52,46,64,62,49,55"
MAD_5000_ALL,5000,False,15,0.5497,KMeans,7,0.1178,45.6,2.0328,-0.0026,37,56,0.661,"45,37,56,39,56,48,47"
MAD_5000_ALL,5000,False,15,0.5497,KMeans,8,0.1288,42.5,1.8668,-0.0023,5,65,0.077,"45,55,53,32,65,42,31,5"
MAD_5000_ALL,5000,False,15,0.5497,Ward,2,0.1691,76.7,1.7682,-0.006,93,235,0.396,"235,93"
MAD_5000_ALL,5000,False,15,0.5497,Ward,3,0.1061,63.7,2.1957,0.0005,74,161,0.46,"161,93,74"
MAD_5000_ALL,5000,False,15,0.5497,Ward,4,0.1015,55.1,2.2065,0.0052,71,93,0.763,"93,90,74,71"
MAD_5000_ALL,5000,False,15,0.5497,Ward,5,0.0881,47.0,2.2873,0.0028,31,90,0.344,"90,62,74,71,31"
MAD_5000_ALL,5000,False,15,0.5497,Ward,6,0.0878,42.6,2.166,0.0044,31,74,0.419,"74,62,42,71,31,48"
MAD_5000_ALL,5000,False,15,0.5497,Ward,7,0.0904,39.7,2.1529,-0.0,31,71,0.437,"43,62,42,71,31,48,31"
MAD_5000_ALL,5000,False,15,0.5497,Ward,8,0.0972,37.2,1.9276,0.0001,4,71,0.056,"42,62,48,71,31,39,31,4"
MAD_5000_ALL,5000,False,15,0.5497,GMM,2,0.1127,35.8,2.4968,-0.0046,78,250,0.312,"250,78"
MAD_5000_ALL,5000,False,15,0.5497,GMM,3,0.0579,29.4,3.0428,-0.0033,74,170,0.435,"74,170,84"
MAD_5000_ALL,5000,False,15,0.5497,GMM,4,0.0807,42.2,2.391,-0.0039,49,111,0.441,"72,111,96,49"
MAD_5000_ALL,5000,False,15,0.5497,GMM,5,0.0895,43.8,2.1397,0.0023,34,110,0.309,"47,63,110,34,74"
MAD_5000_ALL,5000,False,15,0.5497,GMM,7,0.084,38.1,2.1708,0.0008,33,68,0.485,"68,51,33,38,37,34,67"
MAD_5000_ALL,5000,False,15,0.5497,Spectral,2,0.1952,100.9,1.7386,-0.0031,145,183,0.792,"145,183"
MAD_5000_ALL,5000,False,15,0.5497,Spectral,3,0.1388,66.8,2.1679,-0.003,105,113,0.929,"113,105,110"
MAD_5000_ALL,5000,False,15,0.5497,Spectral,4,0.1253,58.2,1.9768,-0.0055,33,122,0.27,"104,33,69,122"
MAD_5000_ALL,5000,False,15,0.5497,Spectral,5,0.1165,51.1,2.0423,-0.0044,32,112,0.286,"73,32,60,112,51"
MAD_5000_ALL,5000,False,15,0.5497,Spectral,6,0.1156,46.2,2.0759,0.0014,28,73,0.384,"57,43,73,28,66,61"
MAD_5000_ALL,5000,False,15,0.5497,Spectral,7,0.1149,42.5,2.0023,-0.0009,29,81,0.358,"41,33,45,29,81,37,62"
MAD_5000_ALL,5000,False,15,0.5497,Spectral,8,0.1031,38.6,2.0345,-0.0004,24,94,0.255,"34,94,34,39,39,35,24,29"
MAD_5000_ALL,5000,False,20,0.5866,KMeans,2,0.1904,97.4,1.7911,-0.003,160,168,0.952,"168,160"
MAD_5000_ALL,5000,False,20,0.5866,KMeans,3,0.1269,69.4,2.1358,-0.0004,94,123,0.764,"111,123,94"
MAD_5000_ALL,5000,False,20,0.5866,KMeans,4,0.1197,57.9,2.0908,-0.0029,71,100,0.71,"75,100,71,82"
MAD_5000_ALL,5000,False,20,0.5866,KMeans,5,0.108,49.6,2.1202,0.0003,55,75,0.733,"55,75,62,70,66"
MAD_5000_ALL,5000,False,20,0.5866,KMeans,6,0.1087,44.3,2.0907,0.0004,43,72,0.597,"58,43,51,72,60,44"
MAD_5000_ALL,5000,False,20,0.5866,KMeans,7,0.1049,40.4,2.138,-0.0028,31,62,0.5,"41,62,49,42,58,45,31"
MAD_5000_ALL,5000,False,20,0.5866,KMeans,8,0.1069,37.7,2.1411,0.0003,26,51,0.51,"38,38,33,50,26,41,51,51"
MAD_5000_ALL,5000,False,20,0.5866,Ward,2,0.1466,70.0,2.1044,0.0014,154,174,0.885,"174,154"
MAD_5000_ALL,5000,False,20,0.5866,Ward,3,0.0996,51.9,2.2682,0.004,45,154,0.292,"154,129,45"
MAD_5000_ALL,5000,False,20,0.5866,Ward,4,0.0969,46.9,2.2364,-0.0034,45,129,0.349,"104,129,45,50"
MAD_5000_ALL,5000,False,20,0.5866,Ward,5,0.0773,41.8,2.197,-0.0044,29,129,0.225,"129,50,45,75,29"
MAD_5000_ALL,5000,False,20,0.5866,Ward,6,0.0691,37.7,2.19,-0.0034,27,102,0.265,"50,102,45,75,29,27"
MAD_5000_ALL,5000,False,20,0.5866,Ward,7,0.0778,34.5,1.9683,-0.0033,4,102,0.039,"102,75,45,46,29,27,4"
MAD_5000_ALL,5000,False,20,0.5866,Ward,8,0.075,32.0,2.006,-0.0017,4,82,0.049,"75,46,45,82,29,27,4,20"
MAD_5000_ALL,5000,False,20,0.5866,GMM,2,0.0967,36.0,2.6764,-0.0012,98,230,0.426,"98,230"
MAD_5000_ALL,5000,False,20,0.5866,GMM,3,0.1061,45.7,2.4039,0.0002,74,158,0.468,"158,74,96"
MAD_5000_ALL,5000,False,20,0.5866,GMM,4,0.0934,47.4,2.4374,-0.0033,43,106,0.406,"78,101,106,43"
MAD_5000_ALL,5000,False,20,0.5866,GMM,5,0.0879,41.2,2.4058,-0.0017,40,88,0.455,"67,60,73,40,88"
MAD_5000_ALL,5000,False,20,0.5866,GMM,6,0.0847,39.6,2.3274,-0.0036,35,80,0.438,"73,80,35,39,39,62"
MAD_5000_ALL,5000,False,20,0.5866,Spectral,2,0.1825,92.7,1.833,-0.0024,157,171,0.918,"157,171"
MAD_5000_ALL,5000,False,20,0.5866,Spectral,3,0.1342,67.6,2.092,-0.0034,98,120,0.817,"110,120,98"
MAD_5000_ALL,5000,False,20,0.5866,Spectral,4,0.1147,52.9,2.0807,-0.0055,34,113,0.301,"112,113,69,34"
MAD_5000_ALL,5000,False,20,0.5866,Spectral,5,0.108,46.7,2.2404,0.0004,56,78,0.718,"69,65,60,78,56"
MAD_5000_ALL,5000,False,20,0.5866,Spectral,6,0.1006,41.9,2.2013,0.0033,28,73,0.384,"28,56,54,58,73,59"
MAD_5000_ALL,5000,False,20,0.5866,Spectral,7,0.1046,38.4,2.1362,-0.0004,28,80,0.35,"42,28,80,55,48,37,38"
MAD_5000_ALL,5000,False,20,0.5866,Spectral,8,0.0925,35.2,2.1943,0.001,28,75,0.373,"35,37,39,28,32,47,35,75"
MAD_5000_ALL,5000,False,30,0.6379,KMeans,2,0.1763,87.4,1.8893,-0.003,160,168,0.952,"160,168"
MAD_5000_ALL,5000,False,30,0.6379,KMeans,3,0.1147,61.8,2.2705,0.0021,94,126,0.746,"94,108,126"
MAD_5000_ALL,5000,False,30,0.6379,KMeans,4,0.1073,51.2,2.2127,-0.0026,69,102,0.676,"82,69,102,75"
MAD_5000_ALL,5000,False,30,0.6379,KMeans,5,0.096,43.7,2.2585,0.0003,55,75,0.733,"55,75,60,69,69"
MAD_5000_ALL,5000,False,30,0.6379,KMeans,6,0.0959,38.9,2.2872,0.0006,42,68,0.618,"68,57,56,54,42,51"
MAD_5000_ALL,5000,False,30,0.6379,KMeans,7,0.0931,35.2,2.3519,-0.0037,24,62,0.387,"59,40,57,24,42,62,44"
MAD_5000_ALL,5000,False,30,0.6379,KMeans,8,0.0967,32.4,2.2345,-0.0005,23,58,0.397,"23,48,33,48,30,58,40,48"
MAD_5000_ALL,5000,False,30,0.6379,Ward,2,0.1672,67.7,1.9206,-0.0062,92,236,0.39,"236,92"
MAD_5000_ALL,5000,False,30,0.6379,Ward,3,0.0956,53.2,2.2675,-0.0027,61,175,0.349,"175,92,61"
MAD_5000_ALL,5000,False,30,0.6379,Ward,4,0.0826,44.5,2.2557,-0.0004,51,124,0.411,"124,92,61,51"
MAD_5000_ALL,5000,False,30,0.6379,Ward,5,0.0772,38.2,2.3658,0.0026,51,92,0.554,"92,59,61,51,65"
MAD_5000_ALL,5000,False,30,0.6379,Ward,6,0.0735,33.7,2.5393,-0.0015,28,65,0.431,"28,59,61,51,65,64"
MAD_5000_ALL,5000,False,30,0.6379,Ward,7,0.0776,30.8,2.2483,-0.0014,4,65,0.062,"61,59,64,51,65,24,4"
MAD_5000_ALL,5000,False,30,0.6379,Ward,8,0.0735,28.6,2.2924,-0.0007,4,65,0.062,"59,65,64,51,38,24,4,23"
MAD_5000_ALL,5000,False,30,0.6379,GMM,2,0.0965,30.9,2.8614,0.0084,89,239,0.372,"239,89"
MAD_5000_ALL,5000,False,30,0.6379,GMM,3,0.0771,41.2,2.6318,-0.0004,69,133,0.519,"126,69,133"
MAD_5000_ALL,5000,False,30,0.6379,GMM,4,0.0887,42.0,2.5051,-0.005,42,102,0.412,"42,102,97,87"
MAD_5000_ALL,5000,False,30,0.6379,GMM,5,0.0888,38.9,2.3313,-0.0034,41,89,0.461,"89,89,41,59,50"
MAD_5000_ALL,5000,False,30,0.6379,GMM,6,0.0852,37.0,2.3095,-0.0026,39,73,0.534,"73,40,50,39,64,62"
MAD_5000_ALL,5000,False,30,0.6379,Spectral,2,0.1684,83.0,1.9353,-0.0012,156,172,0.907,"156,172"
MAD_5000_ALL,5000,False,30,0.6379,Spectral,3,0.1206,59.1,2.2277,-0.0035,100,126,0.794,"102,126,100"
MAD_5000_ALL,5000,False,30,0.6379,Spectral,4,0.1047,47.9,2.2383,-0.0052,39,112,0.348,"112,73,104,39"
MAD_5000_ALL,5000,False,30,0.6379,Spectral,5,0.0989,41.0,2.317,0.0018,60,74,0.811,"66,60,60,68,74"
MAD_5000_ALL,5000,False,30,0.6379,Spectral,6,0.0938,36.6,2.3873,-0.0,29,67,0.433,"62,57,53,67,29,60"
MAD_5000_ALL,5000,False,30,0.6379,Spectral,7,0.0915,33.2,2.3488,-0.001,29,74,0.392,"62,31,47,37,29,48,74"
MAD_5000_ALL,5000,False,30,0.6379,Spectral,8,0.0859,30.7,2.3518,-0.001,29,61,0.475,"37,52,37,31,29,35,46,61"
