sample_id,cluster,consensus_membership,consensus_own,consensus_best_other,is_core,silhouette_sample,library_batch,verhaak_nearest,sig_Proneural,sig_Classical,sig_Mesenchymal,sig_Neural,pw_MTC_OXPHOS,pw_GPM_GLYCOLYSIS_LIPID,pw_PPR_PROLIFERATION,pw_NEU_NEURONAL,pw_OLIGODENDROCYTE_MYELIN,pw_IMMUNE_MYELOID,pw_HYPOXIA_ANGIOGENESIS
0de1e059-6f06-44a0-abd3-c42cf2326898,1,0.8448,0.9023,0.0575,True,0.3983,totalRNA_rRNAdepleted,Proneural,1.7184,-0.7015,-1.6697,-0.0747,-0.2453,-0.8209,1.0336,0.0819,0.4661,-1.4236,-0.7933
f2bb28ee-ca66-4ca1-8e51-8aeb92084931,1,0.8397,0.8999,0.0602,True,0.3649,totalRNA_rRNAdepleted,Proneural,1.3151,-0.3931,-1.234,0.2943,0.2565,0.0025,1.477,0.7731,0.571,-1.5706,-0.1788
113df549-f143-4c50-8e18-7c2159bda4eb,1,0.8387,0.9029,0.0642,True,0.3716,polyA_selected,Proneural,1.5061,-0.0271,-0.8256,-0.0781,-0.6482,0.8444,1.5326,0.1677,1.8183,-0.9036,0.1746
c0b1e5a6-3308-43c6-9e76-feda9f67c1a0,1,0.8377,0.898,0.0603,True,0.2112,polyA_selected,Proneural,0.903,-0.7132,-1.2051,0.3709,0.2451,0.0114,0.2045,-0.2607,-0.08,-0.9868,0.3795
2c3f2491-4d3b-41da-9866-94644fc8d102,1,0.8374,0.9004,0.063,True,0.4389,totalRNA_rRNAdepleted,Proneural,1.3999,-0.7609,-1.5494,0.109,0.5023,-0.0609,1.3945,0.689,0.3109,-1.5221,-0.8397
8acdddb4-3f0d-4b61-8fdd-c187263b3216,1,0.837,0.9014,0.0644,True,0.4374,totalRNA_rRNAdepleted,Proneural,1.532,-0.273,-1.0038,0.1654,-0.1873,0.2502,1.5829,0.259,1.0245,-1.2793,0.4976
a6df72e4-5522-4711-8255-c9d6ff860f40,1,0.8358,0.9004,0.0646,True,0.3557,totalRNA_rRNAdepleted,Proneural,0.8568,-0.7996,-0.5302,-0.2099,-0.5399,0.1233,2.0525,0.651,-1.4528,-1.442,0.2426
45c55fc2-e9d6-4016-9350-95d2bba56dee,1,0.8324,0.8992,0.0668,True,0.3116,polyA_selected,Proneural,1.2137,0.2748,-1.0641,-0.1451,-0.1457,0.2582,1.2741,1.3008,-0.2652,-1.6963,-0.0661
a9b55a15-9678-4a04-9041-8e2f5a2b14f1,1,0.8315,0.896,0.0644,True,0.1714,totalRNA_rRNAdepleted,Proneural,0.6175,0.0808,-0.3525,0.0141,-0.1768,0.5738,0.9778,0.5962,0.2612,-0.528,0.8919
b556f213-9004-45b1-ab97-09cbac4406c4,1,0.83,0.8894,0.0594,True,0.3616,totalRNA_rRNAdepleted,Proneural,1.528,-0.9576,-2.036,-0.3396,-0.0338,0.1419,1.3401,0.3221,-0.379,-2.5852,-0.1548
abe6bb88-6bf3-41f2-897e-073edf2ebc33,1,0.8289,0.8928,0.064,True,0.3494,totalRNA_rRNAdepleted,Proneural,0.8945,-0.8302,-0.7277,0.4174,0.9418,-0.1828,1.0021,0.3857,0.3241,-1.4691,0.1718
5d732c32-681d-46ca-b0bd-404ab47c64db,1,0.8269,0.8921,0.0652,True,0.3007,polyA_selected,Proneural,1.124,0.1365,-0.6468,-0.1543,-0.3348,0.5889,0.9623,0.7047,0.7284,-0.6235,0.7771
511393a1-da49-4cf1-80d6-7f50a6c3043d,1,0.8265,0.8921,0.0656,True,0.1359,polyA_selected,Proneural,0.7878,0.1522,-0.1182,0.105,-0.3079,0.7407,1.0288,0.6653,0.2586,-0.2429,1.1652
388193e4-004b-44b4-9eac-267eab7a9412,1,0.8252,0.8927,0.0675,True,0.3061,totalRNA_rRNAdepleted,Proneural,1.2517,-0.6013,-1.0095,0.3306,0.6414,0.1697,1.2793,0.2078,1.2705,-0.9088,-0.136
b4a1254d-9975-4cc8-88ed-8ad37ac0af82,1,0.8244,0.8929,0.0685,True,0.262,totalRNA_rRNAdepleted,Proneural,0.9971,-0.6643,-0.4753,0.1928,0.4326,0.1469,0.6617,0.4778,1.2934,-0.0977,0.1255
d620997f-b99e-4e20-a20d-d5b67ba3ce4b,1,0.8227,0.8974,0.0747,True,0.2861,polyA_selected,Proneural,1.4971,-0.2836,-1.2026,0.3183,-0.1074,0.1759,1.294,1.1867,1.0159,-1.3239,0.3365
d02fcfe5-6834-4c66-93d4-768783500ede,1,0.8214,0.8969,0.0755,True,0.3891,totalRNA_rRNAdepleted,Proneural,1.2506,-0.4418,-0.3959,0.4317,-0.09,-0.1265,0.2899,0.5294,1.0672,-0.0252,0.2258
f78bc420-1d4a-4b75-b400-65352b99b4e8,1,0.8202,0.8858,0.0656,True,0.1586,totalRNA_rRNAdepleted,Proneural,0.7496,-0.9192,-1.4167,0.2373,0.5659,-0.0841,0.1484,-0.5859,-0.1757,-0.8755,0.1076
748dc14a-ff43-4b5d-b197-b7c021955fed,1,0.8195,0.8967,0.0772,True,0.3531,totalRNA_rRNAdepleted,Proneural,1.275,-0.4182,-0.6068,0.5023,-0.1588,0.4175,1.1535,1.0994,1.6351,-0.6574,0.6241
2d2d4fdc-063c-4078-9eb9-758384cbeb22,1,0.8192,0.8867,0.0675,True,0.1724,totalRNA_rRNAdepleted,Proneural,0.7243,-0.0274,0.1882,-0.4035,-0.4733,0.5988,0.6516,0.868,-0.4922,-0.1798,0.6597
36fa95b5-2cf1-4033-91ee-832547ff52fd,1,0.8184,0.8958,0.0774,True,0.3311,totalRNA_rRNAdepleted,Proneural,1.2496,-0.3223,-0.4438,0.3579,-0.5086,0.1758,1.673,0.6642,0.8154,-0.5486,0.2053
c45fcca1-63ec-40f6-bd58-558a002f5b36,1,0.8176,0.8966,0.0789,True,0.3208,polyA_selected,Proneural,1.4934,-0.2273,-0.2301,0.1925,-0.5959,-0.5371,1.2421,0.2555,0.9029,0.3248,-1.2918
37253fe8-4a9a-4076-9244-8cc727d6b432,1,0.8174,0.8963,0.0789,True,0.347,polyA_selected,Proneural,1.3929,-0.2288,-1.0297,0.23,-0.1267,0.8143,0.4561,1.0812,0.4064,-1.017,0.6598
b7a4bdef-c538-4f6f-9892-b21620ff02bc,1,0.8145,0.8882,0.0737,True,0.2588,totalRNA_rRNAdepleted,Proneural,0.9417,-0.5598,-1.2104,0.2873,-0.3979,-0.1487,-1.9456,-0.1239,-0.092,-1.3301,0.0067
dc528d13-8cd7-475f-a1c5-d710b36199bb,1,0.8145,0.8943,0.0798,True,0.1512,totalRNA_rRNAdepleted,Proneural,1.0475,0.0334,-0.884,0.5302,0.013,0.0032,0.849,1.1615,0.7786,-0.8141,-0.5699
b4805b8a-7cb5-4fcb-88c8-8e4d17020873,1,0.8137,0.8948,0.0811,True,0.2551,polyA_selected,Proneural,1.2492,-0.3055,-0.1021,0.3222,-0.0956,0.1682,0.254,0.6397,1.1498,0.3406,0.4523
a8050792-d0f5-4b8f-aea2-0a303f40b1ca,1,0.8089,0.8926,0.0837,True,0.2581,polyA_selected,Proneural,1.2076,-0.1003,-0.3605,0.0498,-0.02,-0.087,1.1102,0.3935,1.3824,-0.4772,-0.2553
ce5fb607-99c5-457f-9022-df38b540fce6,1,0.8049,0.8804,0.0755,True,0.2847,polyA_selected,Proneural,0.8266,-0.7612,-0.8671,0.2434,0.7764,-0.024,0.8674,0.4488,0.286,-1.7887,0.1304
d0d080e3-b40d-466e-8b51-58ee3f463667,1,0.8048,0.8759,0.0712,True,0.2057,polyA_selected,Proneural,0.6309,-0.2234,-0.9405,-0.3878,0.3809,0.0349,0.173,-0.2987,-0.1457,-1.3703,-0.5112
03ddea6f-d377-4e2a-a59d-91d5c5b6e4ed,1,0.7945,0.8747,0.0802,True,0.2918,polyA_selected,Proneural,0.8573,-0.6074,-1.1655,0.1613,0.4008,-0.1289,0.3702,-0.4793,0.6154,-1.1529,-0.1457
79431769-1471-4ae8-b324-3f02d1a25507,1,0.7845,0.8625,0.078,True,0.0331,totalRNA_rRNAdepleted,Proneural,0.8936,-0.4934,0.7035,0.0257,-0.3862,0.0298,0.7867,0.4629,0.4302,0.4447,0.376
9de49e43-3b26-44a9-8d90-e7d1e9cb4c73,1,0.7839,0.875,0.0911,True,0.2953,totalRNA_rRNAdepleted,Proneural,1.1516,-0.0651,-0.3688,0.4064,-0.4058,0.2689,0.2074,0.7245,1.4387,-0.5281,1.0249
b18fea3f-d240-4f38-b1c0-5b8cd2ac6d38,1,0.778,0.8716,0.0936,True,0.2033,totalRNA_rRNAdepleted,Proneural,0.9225,-0.3694,-0.398,0.8618,0.5343,-0.0014,0.554,1.1826,1.0476,-0.1876,0.6741
0b57370b-485f-47e1-b827-90fac22e61e0,1,0.7578,0.8549,0.0971,True,0.2397,totalRNA_rRNAdepleted,Proneural,1.2041,-0.251,-0.7657,0.8146,-0.2528,-0.0425,0.078,1.7155,1.0153,-0.8689,-0.3924
e0497b17-99ef-4d0b-afc9-9fcd5769baaa,1,0.7523,0.8468,0.0945,True,0.2207,polyA_selected,Proneural,1.0634,-0.8132,-0.572,-0.245,0.3857,-0.2386,1.1147,0.276,-0.4295,-0.1181,0.2045
9c71c75f-8b3c-487e-beb8-d372875b2b2d,1,0.7465,0.8463,0.0998,True,0.143,totalRNA_rRNAdepleted,Proneural,1.1781,-0.6532,-0.4639,0.4769,-0.3468,-0.2772,-0.1608,0.247,0.8722,0.3549,-1.0906
7a25193c-a87d-4929-b724-3d89553fa028,1,0.7265,0.8374,0.1109,True,0.1853,polyA_selected,Proneural,1.062,0.1207,-0.3047,0.6215,-0.0625,0.3119,1.0991,0.9083,1.0029,-0.7132,0.4134
86aad7af-3cf5-4941-9ef5-78aafdb57cc3,1,0.7185,0.8272,0.1087,True,0.1869,totalRNA_rRNAdepleted,Proneural,0.9729,-0.6572,-1.3327,0.1089,0.8843,-0.2972,1.5275,0.4655,0.5571,-1.2653,-0.3526
9e09a872-f5f7-4cc1-bb08-07045fcd0c28,1,0.7012,0.8202,0.119,True,0.1378,totalRNA_rRNAdepleted,Proneural,1.1063,-0.6655,-0.3439,-0.3501,0.1191,-0.0716,1.2813,0.2154,-0.3344,0.1489,0.2636
c5181f1f-9968-47c1-a2ae-77c3f83e21bd,1,0.6908,0.8152,0.1244,True,0.1431,totalRNA_rRNAdepleted,Proneural,0.6693,-0.5504,-0.8711,-0.2305,0.9592,0.0226,1.2929,-0.3914,0.7493,-0.7942,-0.4963
43a6d88e-5e41-4ecb-bbf5-2c0744c1c3a9,1,0.6795,0.8127,0.1333,True,0.087,totalRNA_rRNAdepleted,Proneural,0.9068,0.1376,-0.7596,-0.2331,0.0892,0.4337,0.8908,0.5157,0.7115,-0.733,0.5766
5d55672c-be4d-4777-aec8-d6798a272723,1,0.6495,0.7677,0.1182,True,0.0569,totalRNA_rRNAdepleted,Proneural,0.8554,0.6731,-0.379,-0.167,-0.5592,0.0592,0.5459,0.8414,-0.9607,-1.0552,1.0742
ec1ada4a-34c5-4d5f-a75f-25fc45d05a28,1,0.5865,0.7239,0.1375,True,0.1064,polyA_selected,Proneural,0.8585,0.5001,-1.1534,0.1696,-0.8505,-0.7267,0.9482,1.0082,0.2801,-1.5035,-1.4369
39f7b501-0578-4c4e-9fc4-fd9a7d839dbf,1,0.5613,0.7104,0.1491,True,0.0642,polyA_selected,Proneural,0.5465,-0.564,-0.5803,-0.2134,0.6012,-0.4503,0.8513,0.0264,0.0093,-0.3099,-1.0651
1ceaa856-24da-428c-ae0a-c8c5ec039853,1,0.3161,0.5932,0.2771,False,0.0097,totalRNA_rRNAdepleted,Proneural,0.6034,-0.6388,-0.3563,0.3025,0.2066,-0.2231,-0.9352,-0.1454,0.6808,0.0072,-0.1755
502882eb-8819-4015-8483-ab720e2a25bf,1,0.2969,0.5437,0.2468,False,0.0323,totalRNA_rRNAdepleted,Neural,0.5999,0.1796,-1.6478,0.6099,-0.3953,-0.4341,-0.2039,0.2311,-1.1852,-2.0516,-1.0207
f4e07a40-74e5-4c35-ae98-7ca190fff6c9,1,0.289,0.6216,0.3326,False,0.0674,totalRNA_rRNAdepleted,Proneural,0.8737,-0.5248,-0.5935,0.557,-0.0067,0.0178,-1.6847,0.9854,-0.116,-0.0312,0.2922
c47a6a50-b448-4736-b29d-bea454e28085,1,0.0349,0.452,0.4172,False,0.0457,polyA_selected,Proneural,0.7748,-0.5469,-1.0053,0.7287,0.1009,0.3092,-2.1888,1.1334,0.4248,-0.8531,-0.3501
db0f3e8d-4a8e-48c7-8903-3dfba46d8401,1,-0.1405,0.3739,0.5144,False,0.0009,polyA_selected,Classical,0.6321,0.6614,-0.4123,0.3408,-0.182,0.7992,0.102,1.6306,0.2975,-0.7337,0.6581
