sample_id,cluster_recorded,cluster_predicted,probability,margin,is_core_predicted,is_core_recorded,consensus_own,loo_predicted,loo_probability,p_MTC,p_PN,p_CL,p_MES,p_INT,p_OLIGO,consensus_MTC,consensus_PN,consensus_CL,consensus_MES,consensus_INT,consensus_OLIGO
0257f378-cf6a-42f2-9cb1-0d10b4ca1b9a,0,0,0.4029,0.1418,False,False,0.5432,0,0.3993,0.4029,0.0725,0.07,0.04,0.1535,0.2611,0.5109,0.0294,0.0159,0.0258,0.1184,0.2996
026ed595-4218-4379-8e2d-54b390cb2544,2,2,0.3447,0.1034,False,True,0.8759,2,0.335,0.2175,0.0548,0.3447,0.0112,0.2413,0.1304,0.0581,0.0068,0.8298,0.0005,0.0912,0.0137
034c42f2-fee6-4196-9c02-24589ce01071,3,3,0.8558,0.7759,True,True,0.9237,3,0.8496,0.08,0.0001,0.0562,0.8558,0.0067,0.0012,0.0486,0.0,0.0012,0.947,0.002,0.0012
03ddea6f-d377-4e2a-a59d-91d5c5b6e4ed,1,1,0.8605,0.7746,True,True,0.8747,1,0.8599,0.0345,0.8605,0.015,0.0,0.0041,0.0859,0.0248,0.8749,0.0122,0.0,0.0078,0.0802
04b6d829-b031-4d9b-99cd-7f9007227edd,5,5,0.8367,0.7559,True,True,0.8291,5,0.8379,0.05,0.0008,0.0,0.0809,0.0315,0.8367,0.1102,0.0284,0.0017,0.0336,0.0442,0.7819
051dc36f-47e2-4d77-b9b9-c5f2d315f5f3,3,3,0.9801,0.9643,True,True,0.9267,3,0.9804,0.0159,0.0,0.0004,0.9801,0.0031,0.0005,0.0447,0.0,0.0002,0.9519,0.0022,0.0011
05d2774d-cb3e-4485-9825-c04d4ca44bb6,2,2,0.8871,0.7925,True,True,0.905,2,0.8868,0.0946,0.002,0.8871,0.0001,0.0108,0.0054,0.0671,0.0036,0.872,0.0001,0.048,0.0091
0601cab0-163f-48e4-bc9f-87b068d8b591,2,2,0.5591,0.149,False,False,0.6238,2,0.5565,0.0085,0.016,0.5591,0.0006,0.4101,0.0058,0.0296,0.0112,0.603,0.0048,0.3409,0.0106
0669db2c-5724-4d83-aac7-483708e470c1,4,4,0.4991,0.2387,False,False,0.6067,4,0.4928,0.0155,0.2604,0.0531,0.0,0.4991,0.172,0.0382,0.1965,0.0448,0.0044,0.5807,0.1354
075029c6-31b2-4b4a-9945-b905fc6bf730,5,5,0.4908,0.2395,False,True,0.8077,5,0.4733,0.2512,0.0019,0.0036,0.1851,0.0673,0.4908,0.1317,0.0276,0.0016,0.0454,0.0435,0.7502
0819aec9-9ebc-4446-9174-08d564d32fcd,5,5,0.3479,0.1335,False,False,0.5604,5,0.3385,0.1191,0.1153,0.2144,0.0003,0.203,0.3479,0.0496,0.0729,0.1164,0.0027,0.2281,0.5303
08633296-acaa-4c6f-a2f1-29e58898a303,3,3,0.7989,0.6807,True,True,0.9257,3,0.7894,0.1182,0.0001,0.0343,0.7989,0.046,0.0024,0.0487,0.0,0.0002,0.9473,0.0023,0.0015
09713ee2-9731-433f-8748-1b10b53d6a9a,4,4,0.7531,0.5611,True,True,0.8234,4,0.7496,0.0247,0.0008,0.192,0.0198,0.7531,0.0095,0.0412,0.0124,0.0918,0.0311,0.8009,0.0225
09cda3f9-fd03-416c-9ad7-8e27cdb7bd10,0,0,0.569,0.2519,False,True,0.7098,0,0.5636,0.569,0.0081,0.317,0.0057,0.0275,0.0728,0.726,0.0068,0.2017,0.0101,0.0064,0.0489
0a80d60d-df15-4474-92f9-97f5be07e180,2,2,0.898,0.8234,True,True,0.9073,2,0.8983,0.0209,0.002,0.898,0.0008,0.0746,0.0037,0.0474,0.0059,0.8732,0.0,0.0636,0.0098
0ad4aa09-9a11-464b-a080-cc9fad5da4ca,2,2,0.5391,0.2989,False,True,0.8786,2,0.5327,0.0792,0.0664,0.5391,0.0014,0.2402,0.0737,0.0466,0.0084,0.8407,0.0001,0.0927,0.0116
0af61bc8-3dd4-458b-940d-b251e11c422e,4,4,0.8467,0.7342,True,True,0.8246,4,0.8476,0.0163,0.006,0.0138,0.0046,0.8467,0.1125,0.0445,0.0328,0.0308,0.0186,0.79,0.0833
0b53e868-b960-466d-b435-f41a9a8ef34b,0,0,0.8269,0.747,True,True,0.7845,0,0.8253,0.8269,0.0007,0.0122,0.0799,0.0031,0.0771,0.8605,0.0059,0.029,0.0421,0.0043,0.0582
0b57370b-485f-47e1-b827-90fac22e61e0,1,1,0.8489,0.7392,True,True,0.8549,1,0.8485,0.0008,0.8489,0.0007,0.0,0.04,0.1097,0.0074,0.8455,0.0085,0.0,0.0426,0.096
0c6b79d0-47aa-4c14-8ec5-bdbfe0faa29d,5,5,0.5748,0.1745,False,False,0.7261,5,0.5644,0.0178,0.4003,0.0012,0.0001,0.0058,0.5748,0.0506,0.2448,0.0039,0.0042,0.0122,0.6844
0ce1eb02-a90c-484a-b861-c359562d3be1,4,4,0.4325,0.1392,False,True,0.6711,4,0.4189,0.0398,0.0585,0.2933,0.0002,0.4325,0.1758,0.0401,0.0502,0.1555,0.0062,0.6448,0.1032
0d3fac43-2d9d-4904-9650-40fd7af2942b,4,5,0.4125,0.0051,False,False,0.6366,5,0.4222,0.0227,0.1259,0.0206,0.0109,0.4074,0.4125,0.0365,0.0434,0.0136,0.0257,0.605,0.2757
0db34205-31a0-49e3-972d-ec4e4f7c03c5,2,2,0.6897,0.4846,False,True,0.9016,2,0.6824,0.0733,0.003,0.6897,0.0049,0.2051,0.0239,0.0454,0.0067,0.8684,0.0,0.0696,0.01
0de1e059-6f06-44a0-abd3-c42cf2326898,1,1,0.9957,0.9937,True,True,0.9023,1,0.996,0.0001,0.9957,0.002,0.0,0.0006,0.0016,0.0109,0.9106,0.0111,0.0,0.0093,0.0581
0de2c4aa-0a01-49af-bc43-027f6321eb15,3,3,0.694,0.497,False,True,0.8513,3,0.679,0.197,0.0006,0.0047,0.694,0.0082,0.0954,0.0825,0.0002,0.0003,0.8522,0.0094,0.0554
0f89ce0f-1176-4c48-af82-4917ccc8f919,2,2,0.9431,0.9058,True,True,0.9024,2,0.9446,0.0139,0.0039,0.9431,0.0,0.0373,0.0019,0.0479,0.0068,0.8714,0.0,0.0636,0.0103
1076483a-e462-47e5-a47a-ca9544548dff,4,4,0.5773,0.3844,False,True,0.8396,4,0.5656,0.0433,0.13,0.023,0.0336,0.5773,0.1929,0.0471,0.0193,0.0273,0.0353,0.8125,0.0585
113df549-f143-4c50-8e18-7c2159bda4eb,1,1,0.9647,0.9415,True,True,0.9029,1,0.966,0.0004,0.9647,0.0042,0.0,0.0075,0.0232,0.0093,0.9029,0.0101,0.0,0.0135,0.0642
116233db-c003-4224-9359-17f290bf1eea,2,2,0.708,0.5374,True,True,0.9085,2,0.7044,0.1706,0.0096,0.708,0.0031,0.0742,0.0346,0.0567,0.0046,0.8727,0.0001,0.0565,0.0093
139fe07b-05fb-4bc5-b6e2-179269e7ca51,2,2,0.583,0.2889,False,True,0.8886,2,0.5765,0.0723,0.0064,0.583,0.0237,0.2941,0.0207,0.0431,0.0051,0.8567,0.0024,0.0837,0.009
13da7123-db39-4bab-9521-daef5d3030ae,3,3,0.9521,0.9114,True,True,0.9265,3,0.9522,0.0407,0.0,0.0032,0.9521,0.0031,0.0009,0.0461,0.0,0.0,0.9503,0.0023,0.0012
141d1d6b-251b-48cf-abfd-bdbfdd0605b7,5,5,0.3217,0.0591,False,False,0.5398,5,0.3156,0.2626,0.0616,0.2464,0.0019,0.1057,0.3217,0.1552,0.0321,0.2502,0.0127,0.0581,0.4917
1435785d-a1c3-4f05-a369-74a2134d5986,4,4,0.6231,0.3905,False,True,0.8045,4,0.6153,0.0708,0.006,0.0507,0.0168,0.6231,0.2326,0.0475,0.0268,0.0271,0.0243,0.77,0.1044
1483c347-bb2c-4678-af16-163e4fc1791d,3,3,0.7382,0.6138,True,True,0.8834,3,0.7291,0.0472,0.0005,0.083,0.7382,0.1244,0.0067,0.0343,0.0,0.0026,0.913,0.0468,0.0032
15470aa1-dc19-4270-a09d-4341c7f174bb,4,4,0.7723,0.5713,True,True,0.8012,4,0.7697,0.0045,0.014,0.201,0.0035,0.7723,0.0047,0.0379,0.012,0.1182,0.029,0.784,0.0189
155b64a3-9f0a-4f56-970b-d389caea4af3,2,2,0.346,0.0963,False,False,0.492,2,0.3344,0.2497,0.0693,0.346,0.0002,0.1781,0.1567,0.1226,0.041,0.4685,0.0007,0.2633,0.104
1652c5be-f06b-4600-a1e9-3efbfa73eb4e,4,4,0.8441,0.7908,True,True,0.7826,4,0.8465,0.0053,0.0533,0.0439,0.0001,0.8441,0.0533,0.0411,0.052,0.047,0.0109,0.7546,0.0943
16bcbeb8-21dc-4cfe-9aa1-60b093f7f984,5,5,0.6933,0.4261,False,True,0.8143,5,0.6877,0.2672,0.0147,0.0073,0.0042,0.0132,0.6933,0.156,0.032,0.0028,0.0242,0.0282,0.7567
17eedf5a-cad4-460d-bf28-9539ed131e5a,4,4,0.5258,0.3397,False,True,0.8216,4,0.5155,0.1861,0.0189,0.04,0.0778,0.5258,0.1514,0.0602,0.0151,0.0278,0.0393,0.7925,0.065
1871e575-a4a5-45c7-9b01-3c207e9c0465,4,4,0.7423,0.5393,True,True,0.8084,4,0.7397,0.007,0.0233,0.2029,0.0012,0.7423,0.0234,0.0383,0.0181,0.1062,0.0211,0.7889,0.0274
19f6db33-bd74-44aa-9f00-c31903e88abf,4,4,0.5168,0.351,False,True,0.8238,4,0.5101,0.1658,0.0178,0.0533,0.0872,0.5168,0.159,0.0593,0.0136,0.0263,0.0392,0.7942,0.0674
1a61593f-909e-46f4-8cfa-9e23bc050033,0,0,0.7187,0.5419,True,True,0.7745,0,0.7132,0.7187,0.0052,0.1768,0.0261,0.0406,0.0326,0.8479,0.0041,0.0928,0.0172,0.0033,0.0346
1ccc2b22-7f6c-4973-a6fa-f2c4d6be6dba,4,4,0.9206,0.894,True,True,0.8493,4,0.9221,0.0135,0.0009,0.0216,0.0266,0.9206,0.0168,0.0443,0.0174,0.0302,0.0328,0.825,0.0503
1ceaa856-24da-428c-ae0a-c8c5ec039853,1,1,0.3725,0.059,False,False,0.5932,1,0.3671,0.0179,0.3725,0.0126,0.0008,0.3135,0.2827,0.0239,0.5634,0.0148,0.0016,0.2632,0.1331
1edd3f30-2fe9-47a5-8f79-c75b29ec0b3c,5,5,0.4416,0.24,False,True,0.8123,5,0.4306,0.2016,0.0091,0.0139,0.177,0.1568,0.4416,0.1309,0.0278,0.002,0.0379,0.0516,0.7497
1f027bee-5316-4d9f-a566-41890da18493,4,4,0.6421,0.507,True,True,0.8333,4,0.6354,0.1351,0.0316,0.0752,0.0093,0.6421,0.1067,0.0527,0.0284,0.0359,0.019,0.7961,0.0679
209797f2-6e12-4f02-bea7-fd559305fad4,4,4,0.5519,0.3382,False,True,0.72,4,0.5433,0.0307,0.0009,0.2138,0.1966,0.5519,0.0062,0.034,0.0062,0.195,0.0386,0.7096,0.0166
20e52266-0d53-42ad-afe7-215217854dc3,0,0,0.9651,0.946,True,True,0.7739,0,0.9673,0.9651,0.0009,0.0031,0.0118,0.0,0.019,0.8627,0.0093,0.0355,0.0405,0.0027,0.0492
210daf0d-280e-4c43-a48b-65e5c2a92a77,2,2,0.7999,0.6833,True,True,0.9036,2,0.798,0.0433,0.0139,0.7999,0.0009,0.1166,0.0254,0.0483,0.0064,0.8677,0.0,0.0676,0.01
213d3ace-8e69-44d1-9d14-21885213a765,5,5,0.6648,0.3821,False,True,0.8067,5,0.6576,0.2826,0.0106,0.0082,0.0171,0.0167,0.6648,0.1634,0.033,0.0029,0.0247,0.0272,0.7489
229e6793-e11e-46c8-9307-1847243a311c,5,5,0.7609,0.6249,True,True,0.8301,5,0.7607,0.136,0.0433,0.0055,0.0175,0.0368,0.7609,0.1329,0.0395,0.0024,0.024,0.0342,0.767
22e5949e-2b59-4f74-9c48-ee1cc43032c4,4,2,0.4794,0.0458,False,False,0.5123,2,0.4843,0.0221,0.0079,0.4794,0.0396,0.4336,0.0174,0.0283,0.0042,0.4177,0.0293,0.5071,0.0134
23f3b0c8-dc66-445e-9d05-bd631e00f2ee,5,5,0.6995,0.4414,False,True,0.7747,5,0.6944,0.0305,0.258,0.0003,0.0004,0.0114,0.6995,0.0538,0.1894,0.0032,0.0049,0.0169,0.7318
24178d00-81ec-4873-a319-0a329f3e71f2,3,3,0.7266,0.6091,True,True,0.8155,3,0.7142,0.0515,0.0003,0.0065,0.7266,0.1175,0.0976,0.0632,0.0001,0.0006,0.8205,0.0551,0.0605
2426bdbe-9a09-4ea1-b5eb-1ecb2c492898,2,2,0.8798,0.7674,True,True,0.8497,2,0.8811,0.1124,0.0005,0.8798,0.0032,0.0023,0.0018,0.1192,0.0016,0.8331,0.0016,0.0368,0.0077
24397ba5-84a8-46da-a55d-5764690dc17c,3,3,0.5849,0.2745,False,False,0.613,3,0.5806,0.0312,0.0018,0.0578,0.5849,0.3103,0.0139,0.0279,0.001,0.0066,0.6369,0.3127,0.0149
2463aaf7-9673-4bf2-9e8e-41d01e2379a1,2,2,0.8432,0.7611,True,True,0.9083,2,0.8424,0.0532,0.0004,0.8432,0.0181,0.0821,0.003,0.0576,0.0036,0.8744,0.0005,0.0558,0.0081
251de1f4-0bc3-4b44-af08-1abc9c720f67,4,4,0.3081,0.0896,False,True,0.69,4,0.2958,0.2083,0.1637,0.0855,0.0159,0.3081,0.2185,0.1051,0.0765,0.0279,0.0217,0.6378,0.1311
25cdac9f-c440-46aa-9a4d-7298189f49b5,0,0,0.5931,0.4375,False,True,0.7411,0,0.5894,0.5931,0.0103,0.1556,0.0389,0.0481,0.154,0.7507,0.0121,0.0863,0.021,0.009,0.1209
27388014-4a95-4b65-b488-79be5bf9f5b0,5,5,0.4349,0.1565,False,False,0.6482,5,0.4306,0.057,0.2042,0.0169,0.0087,0.2783,0.4349,0.0458,0.1234,0.0061,0.0111,0.223,0.5905
28016f07-a161-43bc-954d-d5ad756bb40b,5,5,0.6974,0.5395,True,True,0.832,5,0.6943,0.1578,0.0441,0.0164,0.0268,0.0575,0.6974,0.1263,0.039,0.0024,0.0244,0.038,0.7699
2b11021d-d0c9-44fb-b047-0c40a4707dc6,4,4,0.5256,0.3142,False,True,0.8215,4,0.5151,0.1724,0.003,0.2114,0.0537,0.5256,0.034,0.0447,0.0122,0.0852,0.0328,0.8002,0.0249
2be90092-0bf2-493c-8864-b9bd3efa2fcc,3,3,0.8881,0.7833,True,True,0.9197,3,0.8837,0.1048,0.0,0.0005,0.8881,0.0016,0.005,0.0529,0.0,0.0002,0.9425,0.0018,0.0026
2c3f2491-4d3b-41da-9866-94644fc8d102,1,1,0.9874,0.9788,True,True,0.9004,1,0.988,0.0002,0.9874,0.0015,0.0,0.0024,0.0085,0.0093,0.9039,0.0104,0.0,0.0131,0.0633
2d2d4fdc-063c-4078-9eb9-758384cbeb22,1,1,0.6937,0.5326,True,True,0.8867,1,0.6712,0.0217,0.6937,0.0708,0.001,0.0517,0.1611,0.0155,0.8958,0.0113,0.0,0.0092,0.0682
2d9df1f6-8588-41a5-ac9c-e4034726b796,5,5,0.5712,0.3767,False,True,0.8121,5,0.5561,0.1626,0.0026,0.0013,0.1945,0.0679,0.5712,0.1289,0.0275,0.0016,0.042,0.0436,0.7564
2e33127c-779d-4f05-bbae-7893b9d27364,4,4,0.7074,0.5747,True,True,0.8127,4,0.6979,0.0243,0.0011,0.0097,0.1326,0.7074,0.125,0.0481,0.0115,0.0253,0.045,0.7944,0.0757
3161d1dc-d31c-42ea-b6e4-a92dfac232d5,3,3,0.9624,0.9372,True,True,0.9287,3,0.9625,0.0252,0.0,0.0022,0.9624,0.0082,0.0021,0.0477,0.0,0.0002,0.9485,0.0022,0.0014
31872322-b3b2-48fd-b86d-ad15525f6fec,3,3,0.8397,0.7426,True,True,0.9275,3,0.8336,0.0971,0.0,0.0459,0.8397,0.0161,0.0012,0.0457,0.0,0.0001,0.9506,0.0022,0.0014
32291119-ef4e-4041-9949-dc88dfce459a,0,0,0.5137,0.2295,False,False,0.5826,0,0.5063,0.5137,0.0097,0.0876,0.0097,0.2842,0.0951,0.5768,0.0183,0.041,0.0133,0.2561,0.0944
328b149f-1c8d-4350-8ed8-a666bdc6a3f9,3,3,0.9879,0.9782,True,True,0.9276,3,0.9882,0.0097,0.0,0.0003,0.9879,0.0016,0.0005,0.046,0.0,0.0001,0.9505,0.0022,0.0013
32d1cf3b-2920-479e-8025-aaacae8f8011,3,3,0.7236,0.5928,True,True,0.8699,3,0.7181,0.1309,0.0008,0.006,0.7236,0.0455,0.0932,0.0714,0.0001,0.0001,0.8695,0.0117,0.0472
32ee07e4-bec3-4d00-b603-60933581046c,3,3,0.9988,0.9982,True,True,0.9291,3,0.9989,0.0006,0.0,0.0,0.9988,0.0004,0.0001,0.0413,0.0,0.0002,0.9547,0.0026,0.0014
336b678c-b044-4b16-aa80-82c9ab769326,0,0,0.6701,0.3647,False,True,0.7407,0,0.6411,0.6701,0.0002,0.0107,0.3053,0.0006,0.0131,0.8336,0.0029,0.0322,0.1081,0.0012,0.022
338baec6-c9fe-4691-9c2a-bc96799f8dee,4,4,0.4989,0.2208,False,True,0.7865,4,0.4828,0.0806,0.0026,0.0073,0.2782,0.4989,0.1324,0.0619,0.0106,0.0228,0.0591,0.7629,0.0826
33ce2e6b-71eb-459d-9b05-9495a21be871,3,3,0.7772,0.6618,True,True,0.9289,3,0.7688,0.1154,0.0003,0.0679,0.7772,0.028,0.0112,0.0468,0.0,0.0001,0.949,0.0025,0.0016
36b191bd-843f-45e6-9ff2-d99f649c5d0f,3,3,0.763,0.6195,True,True,0.8987,3,0.7442,0.0721,0.0,0.019,0.763,0.1435,0.0024,0.0408,0.0,0.0009,0.9258,0.0294,0.003
36fa95b5-2cf1-4033-91ee-832547ff52fd,1,1,0.9153,0.8651,True,True,0.8958,1,0.916,0.0003,0.9153,0.0015,0.0,0.0328,0.0502,0.0083,0.8886,0.0082,0.0,0.0182,0.0768
37253fe8-4a9a-4076-9244-8cc727d6b432,1,1,0.9448,0.8957,True,True,0.8963,1,0.9461,0.0003,0.9448,0.0006,0.0,0.0052,0.0491,0.0083,0.8895,0.0081,0.0,0.0158,0.0783
37bae717-22b7-4a28-8768-ab83c62ad8ee,4,4,0.5698,0.2639,False,False,0.5386,4,0.5721,0.0144,0.0994,0.0103,0.0001,0.5698,0.3059,0.0385,0.0966,0.0299,0.0037,0.5176,0.3136
388193e4-004b-44b4-9eac-267eab7a9412,1,1,0.863,0.7446,True,True,0.8927,1,0.8616,0.0082,0.863,0.0028,0.0,0.0076,0.1184,0.0136,0.8975,0.0112,0.0,0.0099,0.0678
39bc453b-67d2-4059-bbaf-fa98dc9d2595,2,2,0.8056,0.6833,True,True,0.8757,2,0.8035,0.1223,0.0002,0.8056,0.0489,0.0216,0.0013,0.0934,0.0022,0.8513,0.0016,0.0448,0.0067
39c60ad1-540a-4ad9-a735-b83f5d1c51f1,2,2,0.9028,0.8449,True,True,0.9071,2,0.9032,0.0579,0.0061,0.9028,0.0005,0.0281,0.0046,0.0556,0.0048,0.8728,0.0001,0.0576,0.009
39f7b501-0578-4c4e-9fc4-fd9a7d839dbf,1,1,0.3834,0.0992,False,True,0.7104,1,0.3653,0.2843,0.3834,0.0668,0.0029,0.0236,0.239,0.1464,0.6977,0.0141,0.0017,0.0064,0.1335
3b6125da-8c27-4889-a5d1-4bdc697f2a72,4,4,0.4297,0.1431,False,False,0.6532,4,0.4213,0.0651,0.0876,0.2866,0.0002,0.4297,0.1308,0.044,0.049,0.1817,0.005,0.6222,0.0981
3b771109-4c7d-4963-9d89-4ea431c8ad57,4,4,0.6461,0.3625,False,True,0.7773,4,0.6349,0.0034,0.0601,0.2835,0.0007,0.6461,0.0062,0.0349,0.0155,0.151,0.0221,0.7576,0.0189
3d122d0e-749d-4388-a74a-a2266792e5de,4,4,0.7689,0.663,True,True,0.8293,4,0.7679,0.0262,0.0085,0.1059,0.0493,0.7689,0.0411,0.0418,0.0128,0.0682,0.0347,0.8101,0.0324
3dd357c6-9e04-4f73-ae88-18143988e383,3,3,0.8716,0.7736,True,True,0.8942,3,0.8687,0.0194,0.0,0.0079,0.8716,0.098,0.0031,0.0364,0.0,0.0013,0.9203,0.0386,0.0035
3e80fb1c-1d29-45c9-9e02-995c33c70b9c,4,4,0.7464,0.5484,True,True,0.808,4,0.7436,0.0267,0.0034,0.0083,0.0172,0.7464,0.198,0.0469,0.0265,0.0264,0.023,0.773,0.1041
404948ed-abef-4949-8375-64908c0d52c0,5,5,0.8962,0.8158,True,True,0.8437,5,0.8996,0.0803,0.0044,0.0005,0.0016,0.017,0.8962,0.1073,0.0378,0.0022,0.0199,0.0418,0.791
4182c637-8f3b-4e58-8ea9-e8c9859bfbd3,2,2,0.9368,0.9031,True,True,0.9009,2,0.9379,0.0337,0.0001,0.9368,0.0059,0.023,0.0005,0.0656,0.0031,0.8703,0.001,0.0526,0.0075
41bdf255-88ed-4346-9033-7813b2c97d84,5,5,0.6338,0.3926,False,True,0.7899,5,0.6277,0.0179,0.2412,0.0015,0.0045,0.1012,0.6338,0.0367,0.1696,0.0021,0.0082,0.0527,0.7306
43a6d88e-5e41-4ecb-bbf5-2c0744c1c3a9,1,1,0.6762,0.4239,False,True,0.8127,1,0.6635,0.0512,0.6762,0.0178,0.0,0.0026,0.2523,0.0493,0.8008,0.0123,0.0005,0.0058,0.1313
44aa45ef-4bcd-47eb-a2ef-68b614d00a51,5,5,0.8393,0.6975,True,True,0.8127,5,0.8404,0.006,0.1419,0.0001,0.0,0.0127,0.8393,0.0345,0.125,0.003,0.0049,0.0657,0.7669
45ab4192-f1bb-46cd-8e85-c2341d67642f,2,2,0.7878,0.6958,True,True,0.8958,2,0.784,0.092,0.0003,0.7878,0.0794,0.0383,0.0022,0.0741,0.0026,0.8633,0.0012,0.0517,0.0071
45b03af8-f396-4c1b-809a-5e2aa7ce0769,2,2,0.2641,0.0225,False,False,0.609,2,0.2501,0.2417,0.2042,0.2641,0.0088,0.108,0.1733,0.0948,0.2023,0.5803,0.0016,0.0364,0.0845
45c55fc2-e9d6-4016-9350-95d2bba56dee,1,1,0.9541,0.9347,True,True,0.8992,1,0.9558,0.0004,0.9541,0.0194,0.0,0.0084,0.0177,0.0091,0.8999,0.0098,0.0,0.0143,0.0669
46c4e8cb-5a79-49d1-8cd1-70e7288718ef,5,5,0.6342,0.3482,False,True,0.8118,5,0.6168,0.286,0.0211,0.0379,0.0004,0.0205,0.6342,0.1615,0.0383,0.0038,0.018,0.0256,0.7529
4852a0bd-7339-45c7-abab-2b17b4792106,3,3,0.8808,0.7958,True,True,0.9278,3,0.8794,0.085,0.0001,0.0124,0.8808,0.0155,0.0062,0.0487,0.0,0.0002,0.9469,0.0024,0.0019
4906506c-0236-4a3f-93b0-300384bd324d,2,2,0.6773,0.5532,True,True,0.9022,2,0.6707,0.1242,0.0018,0.6773,0.0802,0.1049,0.0115,0.0643,0.0034,0.8676,0.0012,0.0558,0.0078
4a173140-8ec3-4f61-9cc4-86470fb75b8a,0,0,0.7588,0.5577,True,True,0.7588,0,0.7416,0.7588,0.0352,0.0017,0.0024,0.0008,0.2011,0.8288,0.0206,0.0176,0.0173,0.0041,0.1116
4a44bd40-1141-4524-a35f-f29ee37f6c63,5,5,0.6289,0.3614,False,False,0.7337,5,0.6234,0.0695,0.2676,0.0175,0.0013,0.0153,0.6289,0.0656,0.2231,0.0044,0.0067,0.0121,0.6881
4a91d152-b46f-4721-a868-7ed491f9af56,3,3,0.7283,0.58,True,True,0.8932,3,0.7196,0.0689,0.0009,0.0419,0.7283,0.1483,0.0117,0.0364,0.0,0.0014,0.9181,0.0409,0.0033
4ac05a26-e45b-4936-99fa-e031cd5b212c,5,5,0.7134,0.517,True,True,0.7818,5,0.7109,0.0865,0.1964,0.0012,0.0001,0.0024,0.7134,0.0836,0.1565,0.0038,0.0075,0.0162,0.7324
4d3bdf9e-0c8b-4f1a-afdf-8a1c36114653,5,5,0.5202,0.3243,False,True,0.8142,5,0.5071,0.1959,0.0029,0.0049,0.1247,0.1515,0.5202,0.1281,0.0277,0.0019,0.0367,0.0506,0.755
4d88e95f-b1fe-4dd6-b602-3db0197b693c,3,3,0.889,0.8274,True,True,0.9044,3,0.8877,0.0616,0.0001,0.0005,0.889,0.0186,0.0303,0.053,0.0,0.0001,0.9204,0.0067,0.0198
4ead1157-bb18-4e7c-9632-b13d869c5365,2,2,0.9597,0.9285,True,True,0.9042,2,0.9609,0.0069,0.0016,0.9597,0.0,0.0312,0.0005,0.0478,0.006,0.8741,0.0,0.0624,0.0097
4ebf51c8-f12e-4c83-9bba-414e5ba20e7c,5,5,0.8265,0.7281,True,True,0.8301,5,0.828,0.0984,0.0433,0.0017,0.0101,0.0199,0.8265,0.1256,0.0415,0.0023,0.0236,0.0343,0.7726
4ef577ef-0834-48d7-918d-c2b5df7efaf4,0,0,0.5449,0.3577,False,True,0.7213,0,0.531,0.5449,0.0007,0.0946,0.1872,0.1452,0.0274,0.7712,0.0021,0.0345,0.1476,0.0117,0.033
4f0a0b90-41cb-4ea7-97e0-5f771dc22fb2,0,0,0.8449,0.7074,True,True,0.7696,0,0.8432,0.8449,0.0007,0.1376,0.0039,0.0009,0.012,0.8549,0.0044,0.0887,0.0176,0.002,0.0325
4fa49452-cb75-46c0-a633-42b3f7c4361b,2,2,0.8676,0.8087,True,True,0.898,2,0.8661,0.0506,0.0003,0.8676,0.0588,0.0213,0.0014,0.0692,0.0029,0.8686,0.002,0.0506,0.0066
502882eb-8819-4015-8483-ab720e2a25bf,1,1,0.384,0.0769,False,False,0.5437,2,0.3477,0.0023,0.384,0.3071,0.0,0.3004,0.0062,0.0224,0.5496,0.1241,0.0001,0.2495,0.0544
511393a1-da49-4cf1-80d6-7f50a6c3043d,1,1,0.6499,0.4586,False,True,0.8921,1,0.6252,0.0044,0.6499,0.1114,0.0001,0.1914,0.0428,0.009,0.8885,0.0142,0.0001,0.023,0.0654
51aea3a7-011d-4f8b-af00-fc7c169591d9,5,5,0.6998,0.5113,True,True,0.8039,5,0.695,0.0357,0.1885,0.0095,0.0,0.0665,0.6998,0.0368,0.1085,0.0054,0.0045,0.0824,0.7624
51cf388b-effc-44bd-bd78-5b25878561a2,2,2,0.5375,0.3514,False,True,0.8234,2,0.5245,0.0578,0.1861,0.5375,0.0001,0.1405,0.0781,0.045,0.0208,0.7932,0.0001,0.1191,0.0219
520c0e78-f0a3-4e46-8c8e-00cf654e100d,2,2,0.4099,0.2159,False,True,0.8629,2,0.3983,0.1941,0.1158,0.4099,0.0013,0.1678,0.1111,0.0546,0.0123,0.8253,0.0,0.0925,0.0153
5237a678-9f82-4aa3-a874-39179cff6ba5,3,3,0.9944,0.9906,True,True,0.9251,3,0.9947,0.0038,0.0,0.0,0.9944,0.0004,0.0013,0.0482,0.0,0.0,0.945,0.0025,0.0043
54c6eff1-866a-4b26-9778-6b085fc25123,5,5,0.342,0.06,False,False,0.6626,5,0.3365,0.2821,0.0248,0.0668,0.079,0.2052,0.342,0.1499,0.0268,0.0048,0.0336,0.1826,0.6023
54f5fb74-d1b8-4ad8-a1d3-2949ef36653f,2,2,0.9328,0.8852,True,True,0.9073,2,0.9343,0.0169,0.002,0.9328,0.0002,0.0476,0.0005,0.05,0.0051,0.8771,0.0001,0.059,0.0087
55205481-335e-44c1-885a-fa5a33bd7edf,2,2,0.7893,0.6765,True,True,0.8913,2,0.7854,0.0107,0.0733,0.7893,0.0,0.1128,0.0138,0.0445,0.0081,0.8577,0.0,0.0789,0.0108
55e09827-cf4f-4286-84cc-2b2da280266e,3,3,0.8626,0.7954,True,True,0.9105,3,0.855,0.0672,0.0,0.0652,0.8626,0.0041,0.0009,0.0546,0.0,0.0059,0.9363,0.0023,0.0009
5862a2c8-9700-4bfd-8247-176efebc3efb,2,2,0.7781,0.662,True,True,0.9091,2,0.7748,0.1161,0.0315,0.7781,0.0004,0.0373,0.0366,0.0514,0.0052,0.8756,0.0001,0.0577,0.01
58d714ce-bdb7-4365-b3f9-a5464237b1d4,3,3,0.9808,0.9637,True,True,0.9285,3,0.9812,0.017,0.0,0.0009,0.9808,0.001,0.0003,0.0448,0.0,0.0002,0.9513,0.0023,0.0015
5990f089-fa26-4ba3-997c-61ff9c7d3dbb,2,2,0.6967,0.5205,True,True,0.906,2,0.6934,0.1762,0.0026,0.6967,0.0183,0.0893,0.0168,0.0643,0.0032,0.8708,0.0008,0.0531,0.0078
59f436d5-7a66-40a8-9bca-b1e354452492,3,3,0.9188,0.8696,True,True,0.9286,3,0.9181,0.0492,0.0001,0.0118,0.9188,0.0129,0.0072,0.0465,0.0,0.0001,0.9498,0.002,0.0016
5a2fb8ba-a509-4216-83b5-174c1ee94c17,0,0,0.9148,0.8654,True,True,0.7636,0,0.9164,0.9148,0.0001,0.0333,0.0494,0.0007,0.0018,0.8634,0.0029,0.0466,0.0635,0.0015,0.022
5a469815-4a88-4a5e-8df5-1e71579577e7,2,2,0.8135,0.648,True,True,0.7526,2,0.8161,0.1654,0.0,0.8135,0.0185,0.0021,0.0004,0.2019,0.0009,0.7618,0.0038,0.0256,0.006
5b1cc683-d363-4cb8-b9b2-050c3c541858,5,5,0.6536,0.3232,False,False,0.7408,5,0.6432,0.0133,0.3305,0.0006,0.0001,0.002,0.6536,0.0543,0.2287,0.0038,0.004,0.0118,0.6975
5b48d67b-b6c5-41aa-a8f2-9a73c45ede88,2,2,0.5051,0.0809,False,False,0.7075,2,0.4933,0.043,0.0028,0.5051,0.0208,0.4242,0.0042,0.0338,0.0057,0.6873,0.014,0.251,0.0082
5b56daff-2531-46b1-a277-86b88b878c61,2,2,0.5746,0.4147,False,True,0.8706,2,0.5527,0.0279,0.149,0.5746,0.0002,0.16,0.0883,0.0456,0.0103,0.8342,0.0,0.0969,0.0129
5cafc8c0-a92c-407a-ad52-a2d9562c0bfa,2,2,0.7215,0.5945,True,True,0.9048,2,0.7151,0.0769,0.0008,0.7215,0.0656,0.127,0.0082,0.0632,0.0032,0.8709,0.001,0.0539,0.0078
5d55672c-be4d-4777-aec8-d6798a272723,1,1,0.4723,0.1034,False,True,0.7677,1,0.4271,0.0064,0.4723,0.369,0.0,0.1176,0.0347,0.0098,0.7732,0.119,0.0001,0.0518,0.0461
5d732c32-681d-46ca-b0bd-404ab47c64db,1,1,0.882,0.7848,True,True,0.8921,1,0.8811,0.0075,0.882,0.0082,0.0,0.005,0.0972,0.0141,0.9,0.0112,0.0,0.0088,0.0658
5eb967ae-6a4a-4109-948c-36f00dc471fe,3,3,0.9994,0.9988,True,True,0.9241,3,0.9994,0.0006,0.0,0.0,0.9994,0.0,0.0,0.046,0.0,0.0001,0.9503,0.0018,0.0017
5ef77dbc-2112-4ab3-a669-b0f9b175f01c,0,0,0.9233,0.8834,True,True,0.7635,0,0.9256,0.9233,0.0,0.04,0.0341,0.001,0.0016,0.8585,0.0027,0.048,0.0652,0.0019,0.0237
6394059f-8ec8-4fe7-80bc-3650c76b4499,3,3,0.6683,0.388,False,False,0.6388,3,0.6686,0.0229,0.0002,0.0071,0.6683,0.2803,0.0213,0.0338,0.0006,0.005,0.6573,0.2749,0.0284
63af1588-387b-44a7-97ed-4f73559347c2,3,3,0.9673,0.9414,True,True,0.9251,3,0.9675,0.0259,0.0,0.0035,0.9673,0.0026,0.0006,0.0463,0.0,0.0002,0.95,0.0022,0.0014
64c28835-3395-4328-887f-b2bf042c3d9a,5,5,0.4946,0.2312,False,True,0.7734,5,0.4873,0.1322,0.0473,0.0596,0.0028,0.2635,0.4946,0.0574,0.0569,0.0106,0.0109,0.1321,0.7322
64d208b9-6a15-4077-885f-30d9cdedf147,3,3,0.6638,0.5124,True,True,0.8987,3,0.638,0.066,0.0,0.1169,0.6638,0.1514,0.0017,0.037,0.0,0.002,0.9256,0.0332,0.0022
64e37a02-7b4c-430c-9088-2d1c7c89a508,0,0,0.7876,0.6087,True,True,0.7631,0,0.7837,0.7876,0.0056,0.0062,0.0099,0.0118,0.179,0.8164,0.0107,0.0173,0.021,0.0062,0.1285
6571f6d5-963a-4ff7-9174-2b4d61c11069,4,4,0.5876,0.1974,False,True,0.7868,4,0.5531,0.0057,0.0004,0.0049,0.3902,0.5876,0.0113,0.0422,0.0084,0.0243,0.11,0.7795,0.0355
671d7eb7-92fc-4318-be85-e48f7d868225,3,3,0.7618,0.6479,True,True,0.8571,3,0.7517,0.1089,0.001,0.0007,0.7618,0.0137,0.1139,0.075,0.0002,0.0001,0.8583,0.0113,0.0551
6824df5a-832c-4a45-b654-05ba9ac03369,3,3,0.9456,0.899,True,True,0.9242,3,0.9455,0.0466,0.0,0.0017,0.9456,0.0044,0.0017,0.0499,0.0,0.0002,0.9462,0.0021,0.0016
69804564-72f3-443e-a45e-add43d917b2c,0,0,0.6301,0.4108,False,True,0.772,0,0.6249,0.6301,0.0031,0.2193,0.0769,0.0309,0.0397,0.8421,0.0041,0.0974,0.0188,0.0025,0.0351
69faa26c-4763-411b-affb-5eee559b70e1,0,0,0.3861,0.1939,False,False,0.3599,0,0.3871,0.3861,0.0109,0.1923,0.1512,0.1651,0.0944,0.3409,0.004,0.3616,0.1281,0.0853,0.0801
6a87346a-157b-467c-be80-572ab377080c,4,4,0.6727,0.5523,True,True,0.7827,4,0.669,0.0728,0.024,0.1092,0.0011,0.6727,0.1203,0.0438,0.0433,0.0514,0.011,0.7538,0.0967
6afd066b-806e-4568-94d9-ac189d1101af,0,0,0.8404,0.7451,True,True,0.7822,0,0.8391,0.8404,0.0009,0.0128,0.0953,0.005,0.0456,0.8523,0.006,0.0338,0.0476,0.0047,0.0557
6b59c7e7-11f7-4326-a849-2e1a6bb9f3e7,3,3,0.9509,0.9094,True,True,0.9266,3,0.9508,0.0414,0.0,0.0005,0.9509,0.0058,0.0014,0.0471,0.0,0.0001,0.9489,0.0024,0.0016
6ce1df69-82de-4672-bdbc-0dc415983095,4,4,0.8453,0.7901,True,True,0.8433,4,0.8456,0.0107,0.0512,0.0358,0.0017,0.8453,0.0552,0.0434,0.0292,0.0337,0.0197,0.814,0.0599
6efd1a34-3261-4ad3-87cc-da685ba06d2b,5,5,0.6836,0.4945,False,True,0.7507,5,0.6767,0.0013,0.1258,0.0001,0.0,0.1891,0.6836,0.0236,0.1312,0.0057,0.0031,0.1153,0.7211
7127a123-4f5b-4fab-b1fe-deeb790fedd3,2,2,0.6935,0.583,True,True,0.9036,2,0.6866,0.1074,0.0018,0.6935,0.0823,0.1105,0.0045,0.0626,0.0032,0.8714,0.0017,0.0539,0.0072
71390b5a-ecd0-475f-8582-8bfb47bb844c,2,2,0.5601,0.307,False,True,0.9028,2,0.5518,0.2531,0.0107,0.5601,0.0169,0.1344,0.0247,0.0661,0.0033,0.8677,0.0006,0.0543,0.0079
7164752e-f3af-4ff9-aa7b-a96dc10f58ab,2,2,0.8391,0.7766,True,True,0.8968,2,0.8371,0.0517,0.0625,0.8391,0.0009,0.0418,0.004,0.055,0.0142,0.8676,0.0003,0.0548,0.0082
71d11e4c-6fe8-47ba-91a5-6566158614fa,5,5,0.7217,0.5894,True,True,0.8013,5,0.7198,0.1173,0.1323,0.0024,0.0126,0.0138,0.7217,0.1031,0.1,0.0032,0.0195,0.0254,0.7487
73083339-9672-4072-aa87-0c94240f478a,3,3,0.9271,0.9021,True,True,0.8823,3,0.9279,0.0235,0.0,0.0006,0.9271,0.025,0.0239,0.056,0.0,0.0001,0.8945,0.0138,0.0356
7412a444-9fad-4d96-a4d4-2c270045919a,4,4,0.7366,0.5386,True,True,0.8027,4,0.7331,0.0261,0.0022,0.0067,0.0303,0.7366,0.1981,0.0483,0.0259,0.027,0.0235,0.7672,0.1081
748dc14a-ff43-4b5d-b197-b7c021955fed,1,1,0.9153,0.8467,True,True,0.8967,1,0.9156,0.0005,0.9153,0.0006,0.0,0.0151,0.0686,0.008,0.8907,0.0082,0.0,0.0165,0.0767
75615deb-e120-44f6-a585-1ca07987b7ef,0,0,0.6163,0.236,False,True,0.7297,0,0.5761,0.6163,0.0001,0.3803,0.002,0.0003,0.001,0.8261,0.0036,0.1418,0.014,0.0012,0.0134
764dcbc1-1611-486e-bf1d-8a43ede692f7,0,0,0.7989,0.6554,True,True,0.7589,0,0.7961,0.7989,0.0002,0.0005,0.0537,0.0032,0.1435,0.8149,0.0064,0.0149,0.0339,0.0072,0.1228
77405f24-ebc0-45be-9beb-ac81ed1936d5,0,0,0.5806,0.1958,False,True,0.7343,0,0.5563,0.5806,0.0,0.0145,0.3848,0.0057,0.0144,0.8164,0.0019,0.0245,0.1334,0.0016,0.0221
7753deb5-3885-44ca-be8b-8ff6ab9d7e30,5,5,0.6894,0.523,True,True,0.7898,5,0.6861,0.0075,0.1663,0.0007,0.0003,0.1359,0.6894,0.0268,0.1255,0.004,0.0044,0.0926,0.7468
7775f83b-5a91-4ced-83dd-c6c419c110ab,4,4,0.6946,0.498,False,True,0.7512,4,0.6905,0.0024,0.1966,0.0053,0.0004,0.6946,0.1006,0.0391,0.1035,0.0245,0.0122,0.7152,0.1056
78484ab5-e8f8-4029-b5b2-63629a949e2f,0,0,0.3374,0.0419,False,False,0.4894,0,0.3272,0.3374,0.2955,0.1388,0.0001,0.0059,0.2222,0.4912,0.3202,0.036,0.0041,0.0038,0.1446
79431769-1471-4ae8-b324-3f02d1a25507,1,1,0.5186,0.217,False,True,0.8625,1,0.478,0.0126,0.5186,0.0078,0.006,0.3016,0.1533,0.0111,0.8518,0.0099,0.0017,0.0485,0.077
7953f14d-563a-4c41-882e-cce3821547a3,5,5,0.5702,0.3757,False,True,0.7861,5,0.5632,0.1377,0.1946,0.0087,0.0221,0.0667,0.5702,0.1002,0.1207,0.0037,0.0188,0.0259,0.7307
79b783ac-103f-47a6-bc4b-8498a0be46ac,2,2,0.9707,0.9531,True,True,0.9099,2,0.9715,0.0176,0.0011,0.9707,0.0005,0.0095,0.0005,0.0544,0.004,0.8786,0.0003,0.0547,0.0079
7a13e0f8-ed80-4fc5-985a-f40a6585d416,0,0,0.464,0.0452,False,False,0.4543,0,0.466,0.464,0.0002,0.0087,0.4188,0.0137,0.0945,0.4544,0.0013,0.0063,0.4389,0.0118,0.0874
7a25193c-a87d-4929-b724-3d89553fa028,1,1,0.6335,0.4048,False,True,0.8374,1,0.6237,0.0024,0.6335,0.0035,0.0,0.1318,0.2288,0.0076,0.8234,0.0083,0.0,0.0516,0.1091
7a4908be-65e5-4008-8eec-becdc9903c74,4,4,0.5701,0.3573,False,True,0.8233,4,0.5643,0.0895,0.0495,0.2128,0.0166,0.5701,0.0615,0.0427,0.0137,0.0859,0.0318,0.7988,0.0272
7a5f6106-e991-4fdb-ae52-61099bd8c3b9,2,2,0.7982,0.7019,True,True,0.9064,2,0.7969,0.0837,0.0027,0.7982,0.0081,0.0963,0.011,0.0563,0.0043,0.8729,0.0002,0.0573,0.0089
7aaf54b8-2be8-4b92-91c9-cfc21671dc60,4,4,0.8972,0.8289,True,True,0.8475,4,0.8985,0.0097,0.0028,0.0117,0.0103,0.8972,0.0683,0.0427,0.0225,0.0305,0.0237,0.8183,0.0623
7b980b35-f9d6-4d92-bd0d-cf152156a2d8,3,3,0.4334,0.1328,False,False,0.6223,3,0.4198,0.1552,0.0046,0.0149,0.4334,0.0911,0.3007,0.1002,0.0045,0.0009,0.601,0.0397,0.2537
7d1ba30d-6d00-479f-8ae9-f818c56ba9c5,3,3,0.9859,0.976,True,True,0.9217,3,0.9862,0.0031,0.0,0.0007,0.9859,0.01,0.0003,0.0397,0.0,0.0003,0.9472,0.011,0.0018
7f316dbf-94f8-467e-89fc-ae78a91348b5,5,5,0.982,0.9673,True,True,0.8324,5,0.9849,0.0015,0.0146,0.0,0.0,0.0018,0.982,0.0386,0.085,0.0034,0.006,0.0675,0.7994
80e02a48-6bbd-4e69-87f3-a27e51ca852b,4,4,0.4739,0.3194,False,True,0.7968,4,0.4633,0.1282,0.1168,0.1545,0.0029,0.4739,0.1235,0.0506,0.04,0.0579,0.0136,0.7617,0.0762
80f616bc-e28d-43b2-b3cb-606962c0d22b,2,2,0.8018,0.7106,True,True,0.8942,2,0.7933,0.059,0.0912,0.8018,0.0006,0.0443,0.0032,0.0517,0.0179,0.8684,0.0002,0.0536,0.0081
81dcfef2-2a70-4868-bc63-4aeaf924aa7b,2,4,0.4462,0.0192,False,False,0.4884,4,0.4508,0.104,0.0077,0.4269,0.0005,0.4462,0.0147,0.0523,0.0241,0.4688,0.0012,0.4207,0.0328
829e7c71-bbc4-463e-bff7-70bec0074e51,4,4,0.6694,0.5188,True,True,0.8346,4,0.6608,0.0319,0.0798,0.0122,0.0561,0.6694,0.1506,0.0478,0.0192,0.0274,0.0365,0.8072,0.0619
8480f10c-26ec-42d1-8754-ff8cb744978e,4,4,0.6535,0.4464,False,True,0.7324,4,0.6461,0.0095,0.0002,0.2071,0.1279,0.6535,0.0018,0.0329,0.0067,0.1874,0.0375,0.7197,0.0157
84ec66a6-0ea7-4a37-ad5f-f41f5cad1ecc,4,4,0.8099,0.6939,True,True,0.7793,4,0.812,0.0071,0.0334,0.0336,0.0001,0.8099,0.1159,0.041,0.0495,0.0447,0.0103,0.7478,0.1067
86aad7af-3cf5-4941-9ef5-78aafdb57cc3,1,1,0.781,0.6637,True,True,0.8272,1,0.7773,0.0806,0.781,0.0196,0.0,0.0015,0.1173,0.0503,0.8214,0.0136,0.0004,0.0064,0.108
87ee4cad-86d3-4b6b-952d-d565247b9a1e,2,2,0.7964,0.6324,True,True,0.9023,2,0.7946,0.025,0.0054,0.7964,0.0023,0.1641,0.0068,0.0447,0.0062,0.8692,0.0002,0.0704,0.0094
887aaafb-3913-4418-9991-1c48d4ab7629,4,4,0.8692,0.8235,True,True,0.848,4,0.8699,0.0307,0.0053,0.0328,0.0162,0.8692,0.0457,0.0449,0.0183,0.031,0.033,0.826,0.0468
88c49e2a-ad65-411f-b9d9-df83de6f2b2a,0,0,0.6219,0.4559,False,True,0.764,0,0.613,0.6219,0.0523,0.1189,0.0209,0.02,0.1661,0.8029,0.0237,0.0433,0.0173,0.0056,0.1071
89154592-5e65-4616-bbfc-3cf8999363db,2,2,0.6778,0.3652,False,True,0.8063,2,0.6659,0.0055,0.0003,0.6778,0.003,0.3126,0.0007,0.0337,0.0075,0.7864,0.004,0.1599,0.0085
8a3c7c61-631f-4dd0-83fe-d2bbb33a17a4,4,4,0.5808,0.3267,False,True,0.8409,4,0.5751,0.046,0.0565,0.0521,0.0105,0.5808,0.2541,0.0449,0.0261,0.0293,0.0233,0.8069,0.0695
8a3d5786-f5fe-4c3b-9a58-23a3a0bfa6d4,5,5,0.6081,0.3871,False,True,0.8131,5,0.6044,0.0327,0.2209,0.0063,0.0016,0.1305,0.6081,0.0392,0.131,0.0031,0.0057,0.0691,0.7519
8acdddb4-3f0d-4b61-8fdd-c187263b3216,1,1,0.9905,0.9849,True,True,0.9014,1,0.991,0.0001,0.9905,0.0007,0.0,0.0031,0.0056,0.0096,0.9035,0.0102,0.0,0.0122,0.0645
8c349685-4023-49dd-b32f-0b97f07a38a5,2,2,0.3513,0.0808,False,True,0.8702,2,0.3416,0.2672,0.0159,0.3513,0.02,0.2706,0.0751,0.0617,0.0062,0.8234,0.0005,0.0965,0.0117
8ce23744-e0bc-459b-8b6d-8bac6c4ef6d5,5,5,0.7238,0.5032,True,True,0.7726,5,0.7188,0.0072,0.0472,0.0011,0.0001,0.2206,0.7238,0.0283,0.1045,0.006,0.0044,0.1181,0.7387
917fa61d-4556-42a0-bc3a-449ef1b29886,5,5,0.5928,0.2803,False,True,0.822,5,0.5823,0.3125,0.0385,0.0112,0.0018,0.0433,0.5928,0.1512,0.0381,0.0032,0.0169,0.03,0.7605
91bd0932-0312-404f-b836-c1ab7f9e2cf3,4,4,0.5772,0.3688,False,True,0.7744,4,0.5715,0.019,0.1048,0.2084,0.0003,0.5772,0.0903,0.0415,0.0481,0.0725,0.0106,0.7452,0.0821
92dec9cc-fcd9-4cfc-9bc2-84372e772a5d,3,3,0.9646,0.9507,True,True,0.9266,3,0.9647,0.0114,0.0,0.0093,0.9646,0.0139,0.0007,0.0429,0.0,0.0002,0.9509,0.0045,0.0016
9336dd74-2f3f-4c1f-bebf-e4aae364f784,3,3,0.9709,0.9423,True,True,0.9117,3,0.9719,0.0286,0.0,0.0002,0.9709,0.0,0.0001,0.0573,0.0,0.0005,0.9394,0.0015,0.0013
936f451e-b761-47f8-9d3d-db4cdb1ec27b,4,4,0.6188,0.4622,False,True,0.8294,4,0.6108,0.0638,0.0029,0.0696,0.1567,0.6188,0.0883,0.0506,0.0119,0.0317,0.044,0.8094,0.0524
93803595-0b8a-4d0b-9439-e1d7d1eb6fd4,2,2,0.8913,0.8204,True,True,0.8741,2,0.8919,0.0709,0.0002,0.8913,0.0297,0.0075,0.0005,0.0922,0.0022,0.8529,0.0016,0.0441,0.007
954911a5-d0a0-42bb-842c-1dbd9ee60c6c,3,3,0.5745,0.1808,False,False,0.5527,3,0.5711,0.3937,0.0004,0.012,0.5745,0.0042,0.0152,0.3807,0.0005,0.0068,0.6096,0.0007,0.0016
967e6f4b-8c6b-4498-87c2-330b2c174061,5,5,0.7299,0.486,False,True,0.7986,5,0.7199,0.0065,0.2439,0.0001,0.0,0.0196,0.7299,0.0307,0.1393,0.0032,0.0036,0.0697,0.7536
979a75fb-49bd-48e4-b7b1-1391a67726cb,2,2,0.517,0.262,False,True,0.7704,2,0.4964,0.0752,0.2551,0.517,0.0019,0.1262,0.0246,0.0427,0.1407,0.7528,0.0002,0.0541,0.0094
97f42a19-6ae6-4cd5-b4f5-4777c44324e8,4,4,0.6775,0.512,True,True,0.7907,4,0.6734,0.0123,0.1023,0.1655,0.0001,0.6775,0.0422,0.043,0.0465,0.0611,0.0107,0.7629,0.0758
9858ebaa-c001-462d-a0d2-7d302f4aaba1,3,3,0.9453,0.8973,True,True,0.8922,3,0.9456,0.0041,0.0,0.0019,0.9453,0.048,0.0006,0.0348,0.0,0.0012,0.9224,0.0392,0.0024
9aa2f274-51ab-4e29-b555-407bf3ef21fd,4,4,0.9089,0.8747,True,True,0.8494,4,0.91,0.009,0.006,0.0144,0.0341,0.9089,0.0276,0.0441,0.0162,0.03,0.0352,0.8273,0.0472
9b1f39e2-a587-4fde-afd2-e0808a7766c1,5,5,0.903,0.8505,True,True,0.7875,5,0.9109,0.0011,0.0525,0.0001,0.0,0.0433,0.903,0.0254,0.1185,0.0046,0.0042,0.0952,0.7521
9c6e0acf-3b58-4c3f-99f1-460b0aa68693,2,2,0.9494,0.9278,True,True,0.909,2,0.9505,0.0216,0.0066,0.9494,0.0002,0.017,0.0052,0.051,0.0049,0.8775,0.0001,0.0578,0.0087
9c71c75f-8b3c-487e-beb8-d372875b2b2d,1,1,0.6707,0.4842,False,True,0.8463,1,0.6543,0.0024,0.6707,0.0011,0.0001,0.1865,0.1391,0.0083,0.8338,0.0087,0.0,0.0507,0.0984
9cee9b1d-e8ee-4f8e-be85-c96dac6138b3,3,3,0.99,0.9827,True,True,0.9245,3,0.9904,0.0073,0.0,0.0,0.99,0.0007,0.002,0.0489,0.0,0.0001,0.9454,0.0023,0.0032
9de49e43-3b26-44a9-8d90-e7d1e9cb4c73,1,1,0.8444,0.7432,True,True,0.875,1,0.8431,0.0006,0.8444,0.0014,0.0,0.0524,0.1013,0.0071,0.8645,0.008,0.0,0.0304,0.09
9e09a872-f5f7-4cc1-bb08-07045fcd0c28,1,1,0.6657,0.4593,False,True,0.8202,1,0.6527,0.1065,0.6657,0.015,0.0011,0.0051,0.2065,0.0489,0.8136,0.0132,0.0006,0.0057,0.118
9f962dec-eac6-423c-a6ba-22d96165c616,3,3,0.7585,0.6455,True,True,0.8764,3,0.7518,0.113,0.0012,0.0063,0.7585,0.0328,0.0883,0.0664,0.0,0.0001,0.8787,0.0113,0.0435
9fefe100-9765-4b8a-8468-51df066f0f0c,4,4,0.659,0.4974,False,True,0.8338,4,0.6474,0.0081,0.1615,0.0117,0.008,0.659,0.1516,0.0422,0.0362,0.0259,0.0271,0.8036,0.0649
a0910cd1-f12f-4215-bd3a-db593c810dc2,5,5,0.5446,0.1419,False,False,0.7017,5,0.5327,0.0484,0.4027,0.0014,0.0003,0.0026,0.5446,0.0602,0.259,0.0051,0.0041,0.0109,0.6607
a0cfa49e-93dd-48c9-8a9a-c3dfdb081ae4,4,4,0.817,0.7142,True,True,0.8037,4,0.8181,0.0252,0.0133,0.0408,0.0009,0.817,0.1028,0.0437,0.0424,0.0419,0.0119,0.7712,0.089
a1de7a70-a829-4491-92ab-8db44391ba19,0,0,0.9164,0.8568,True,True,0.7579,0,0.9177,0.9164,0.0,0.0225,0.0596,0.0003,0.0013,0.8667,0.0031,0.0446,0.0653,0.0011,0.0193
a4e0b059-6e1e-4e90-b55a-4e043e6ed051,5,5,0.6214,0.4211,False,True,0.7901,5,0.6159,0.0143,0.1587,0.0023,0.003,0.2003,0.6214,0.0297,0.1213,0.0031,0.0068,0.0974,0.7416
a6a0d0d7-9aea-4403-b5c1-c4f2d420059f,2,2,0.7634,0.5392,True,True,0.7693,2,0.7627,0.2242,0.0014,0.7634,0.0007,0.0057,0.0047,0.2003,0.0015,0.7628,0.0017,0.025,0.0087
a6d109ab-c352-463e-a786-ea1ad30f78cf,0,0,0.3848,0.0373,False,False,0.4664,0,0.3824,0.3848,0.0523,0.3476,0.0006,0.0289,0.1858,0.4455,0.0174,0.412,0.005,0.0199,0.1002
a6df72e4-5522-4711-8255-c9d6ff860f40,1,1,0.9818,0.973,True,True,0.9004,1,0.9826,0.0003,0.9818,0.0048,0.0,0.0088,0.0044,0.01,0.9021,0.0109,0.0,0.0123,0.0647
a8050792-d0f5-4b8f-aea2-0a303f40b1ca,1,1,0.8159,0.6681,True,True,0.8926,1,0.8123,0.0014,0.8159,0.0021,0.0,0.0327,0.1479,0.0082,0.8832,0.008,0.0,0.0177,0.0829
a9b55a15-9678-4a04-9041-8e2f5a2b14f1,1,1,0.6142,0.4554,False,True,0.896,1,0.5967,0.0119,0.6142,0.153,0.0002,0.1588,0.062,0.0099,0.893,0.0151,0.0,0.0177,0.0642
aa1c5f7f-f66e-4e92-91fb-a8cd0a6ba463,2,2,0.5611,0.2169,False,False,0.611,2,0.559,0.0483,0.008,0.5611,0.0003,0.3441,0.0382,0.0477,0.0196,0.5846,0.0004,0.3201,0.0276
aab4bee0-b7a4-4671-b7e3-e11f11abe0e7,4,4,0.8493,0.7846,True,True,0.8485,4,0.8495,0.0195,0.0176,0.0341,0.0147,0.8493,0.0648,0.0447,0.0183,0.032,0.032,0.823,0.05
ab2b399a-d267-49df-8327-4e9529b26a38,3,3,0.9067,0.8144,True,True,0.7275,3,0.9178,0.0923,0.0,0.0003,0.9067,0.0,0.0006,0.1976,0.0,0.0031,0.7979,0.0006,0.0008
abe6bb88-6bf3-41f2-897e-073edf2ebc33,1,1,0.9196,0.8574,True,True,0.8928,1,0.9201,0.0078,0.9196,0.0028,0.0,0.0074,0.0623,0.014,0.9011,0.0117,0.0,0.0087,0.0645
af0700ee-8602-4f6c-b104-dd4d19da99a8,2,2,0.9479,0.901,True,True,0.8758,2,0.9504,0.0469,0.0002,0.9479,0.0005,0.0043,0.0001,0.0946,0.0022,0.8549,0.001,0.0409,0.0064
b11f8af1-b2a1-474c-a6d7-e28fc0df6885,0,0,0.5912,0.3689,False,True,0.7386,0,0.5648,0.5912,0.1034,0.0818,0.0001,0.0012,0.2223,0.772,0.0354,0.0341,0.0136,0.0039,0.141
b134958f-ae1e-4309-9cfc-16b443ab10c8,3,3,0.9393,0.9108,True,True,0.9285,3,0.939,0.0285,0.0,0.0125,0.9393,0.0181,0.0015,0.044,0.0,0.0002,0.9522,0.0024,0.0012
b18fea3f-d240-4f38-b1c0-5b8cd2ac6d38,1,1,0.7357,0.5249,True,True,0.8716,1,0.7297,0.0039,0.7357,0.0014,0.0,0.0483,0.2107,0.0078,0.8607,0.0083,0.0,0.0307,0.0925
b198a226-f734-46c8-93db-0914f0fa6805,3,3,0.9985,0.9971,True,True,0.9254,3,0.9986,0.0014,0.0,0.0,0.9985,0.0001,0.0001,0.0462,0.0,0.0001,0.9497,0.0022,0.0018
b21a2a30-3ff8-482f-add4-f4eea1204b87,3,3,0.4374,0.206,False,False,0.6799,3,0.4255,0.2314,0.0012,0.006,0.4374,0.1091,0.215,0.126,0.0013,0.0007,0.6552,0.0301,0.1868
b44a40d4-3233-4b45-b0b3-799823970345,3,3,0.9542,0.9173,True,True,0.9308,3,0.9542,0.0369,0.0,0.0017,0.9542,0.0061,0.0012,0.0442,0.0,0.0002,0.9524,0.002,0.0014
b45c00da-6d61-4b10-befa-dc1123f955a9,2,2,0.8539,0.7427,True,True,0.9041,2,0.8533,0.1112,0.0073,0.8539,0.0009,0.0201,0.0066,0.0643,0.0039,0.8737,0.0002,0.0494,0.0085
b4805b8a-7cb5-4fcb-88c8-8e4d17020873,1,1,0.8342,0.691,True,True,0.8948,1,0.8318,0.0014,0.8342,0.001,0.0,0.0202,0.1432,0.0082,0.8876,0.008,0.0,0.0158,0.0805
b4a1254d-9975-4cc8-88ed-8ad37ac0af82,1,1,0.8703,0.7527,True,True,0.8929,1,0.8687,0.0055,0.8703,0.0008,0.0,0.0057,0.1176,0.0137,0.8968,0.0106,0.0,0.0101,0.0688
b5402a87-05a5-421f-be4c-469c34e4bb81,3,3,0.8496,0.7472,True,True,0.8753,3,0.847,0.0277,0.0001,0.0013,0.8496,0.1024,0.0188,0.0432,0.0,0.0006,0.8942,0.044,0.0179
b556f213-9004-45b1-ab97-09cbac4406c4,1,1,0.9944,0.9917,True,True,0.8894,1,0.9948,0.0006,0.9944,0.0021,0.0,0.0002,0.0027,0.0148,0.9043,0.0122,0.0,0.0083,0.0604
b5a77ad0-9041-4392-afde-ff98f1321c97,0,0,0.3241,0.0759,False,False,0.2796,0,0.3264,0.3241,0.0675,0.1104,0.0102,0.2481,0.2397,0.2532,0.0318,0.0313,0.0173,0.4437,0.2226
b7a4bdef-c538-4f6f-9892-b21620ff02bc,1,1,0.7634,0.6461,True,True,0.8882,1,0.759,0.0067,0.7634,0.0396,0.0,0.1173,0.073,0.0078,0.8846,0.0102,0.0,0.024,0.0734
bc80aba0-0e0f-4177-85ca-73be517be7b0,3,3,0.7247,0.5279,True,True,0.9056,3,0.7016,0.1968,0.0001,0.0323,0.7247,0.044,0.0022,0.0621,0.0,0.0008,0.9338,0.0022,0.0011
bd011c84-2d5f-4d9d-97c6-4ed6ad1cf044,0,0,0.4825,0.1859,False,False,0.5016,0,0.4835,0.4825,0.0057,0.2966,0.0208,0.0705,0.1238,0.4825,0.0066,0.4044,0.0114,0.0194,0.0758
bdd0d102-23f1-4b2d-9080-4eb1c933ddd7,4,4,0.3209,0.0503,False,False,0.543,4,0.3087,0.1557,0.0148,0.0068,0.2313,0.3209,0.2705,0.1025,0.0133,0.0108,0.0674,0.5092,0.2968
bef48b88-125f-4087-b4be-02c996ecc3d3,3,3,0.8734,0.7681,True,True,0.8889,3,0.8695,0.0136,0.0,0.0067,0.8734,0.1053,0.0009,0.037,0.0,0.0016,0.9171,0.0415,0.0029
bfbd4b8b-d34e-4ad2-a30b-6465d61ddf98,4,4,0.8704,0.7926,True,True,0.8421,4,0.871,0.0074,0.0193,0.0223,0.0028,0.8704,0.0778,0.0417,0.0282,0.0311,0.0207,0.8116,0.0667
c0b1e5a6-3308-43c6-9e76-feda9f67c1a0,1,1,0.8289,0.7463,True,True,0.898,1,0.8205,0.0106,0.8289,0.0614,0.0,0.0825,0.0165,0.0109,0.903,0.0123,0.0,0.0131,0.0606
c106d702-1803-4226-a120-f43bc28ae11c,5,5,0.3957,0.2329,False,False,0.6064,5,0.385,0.1494,0.1391,0.0701,0.0828,0.1628,0.3957,0.1052,0.0759,0.0063,0.0352,0.216,0.5615
c1095377-3814-4ab9-a979-1e4c116c2f22,3,3,0.9835,0.9674,True,True,0.9219,3,0.984,0.0161,0.0,0.0,0.9835,0.0001,0.0003,0.05,0.0,0.0002,0.9466,0.0015,0.0018
c1c1d4e2-83de-43de-b586-9b375dc91f4d,0,0,0.8381,0.7175,True,True,0.7646,0,0.8357,0.8381,0.0002,0.0239,0.1206,0.001,0.0163,0.8527,0.0037,0.0399,0.069,0.002,0.0327
c247006d-7749-4838-9bfb-1388e089450d,2,2,0.6216,0.3377,False,False,0.6977,2,0.6067,0.0242,0.284,0.6216,0.0003,0.0655,0.0044,0.0375,0.2203,0.6851,0.0002,0.0492,0.0077
c2bc46d6-7065-44ff-a21a-7a3676990fdb,2,2,0.7073,0.5512,True,True,0.8796,2,0.701,0.156,0.0003,0.7073,0.0924,0.0405,0.0035,0.0861,0.0022,0.8546,0.0024,0.0475,0.0072
c45fcca1-63ec-40f6-bd58-558a002f5b36,1,1,0.9491,0.922,True,True,0.8966,1,0.9504,0.0001,0.9491,0.0007,0.0,0.027,0.0231,0.0076,0.8888,0.0082,0.0,0.0171,0.0783
c47a6a50-b448-4736-b29d-bea454e28085,1,1,0.4597,0.1126,False,False,0.452,1,0.461,0.0049,0.4597,0.0043,0.0,0.1841,0.3471,0.0147,0.4385,0.0096,0.0003,0.1323,0.4047
c5181f1f-9968-47c1-a2ae-77c3f83e21bd,1,1,0.6221,0.3952,False,True,0.8152,1,0.6081,0.1297,0.6221,0.0154,0.0004,0.0054,0.2269,0.0512,0.8062,0.0131,0.0006,0.0058,0.1231
c6080974-048f-45f4-97bf-9e4fdcaf09ee,0,0,0.5444,0.3366,False,False,0.6599,0,0.5392,0.5444,0.0017,0.0435,0.1629,0.0397,0.2078,0.6499,0.0099,0.0181,0.124,0.0139,0.1841
c6b96227-30c4-41f4-9932-b184895a11a1,3,3,0.9971,0.9947,True,True,0.9278,3,0.9972,0.0024,0.0,0.0001,0.9971,0.0004,0.0,0.0466,0.0,0.0002,0.9498,0.0022,0.0013
c7648754-3563-4d93-8107-d64def41fd4b,4,4,0.9419,0.917,True,True,0.8067,4,0.9448,0.0015,0.0127,0.0249,0.0,0.9419,0.0189,0.0425,0.0422,0.0445,0.0116,0.7782,0.081
c93e41f3-3a23-4757-af8c-af11fab60b52,5,5,0.508,0.2432,False,True,0.8187,5,0.502,0.2648,0.0547,0.0201,0.0192,0.1332,0.508,0.1411,0.0363,0.0027,0.0245,0.0415,0.754
c99203bc-27cb-4af5-983f-46d87525a034,2,2,0.797,0.6979,True,True,0.8975,2,0.7911,0.0991,0.08,0.797,0.0002,0.0084,0.0153,0.0667,0.0065,0.8666,0.0003,0.0495,0.0105
ca69f18c-ec4c-4ba0-851b-03fd454888ba,0,0,0.7707,0.6677,True,True,0.7874,0,0.7668,0.7707,0.0004,0.0514,0.103,0.0105,0.0639,0.8534,0.0049,0.037,0.0394,0.005,0.0603
cdd06204-36e8-4cf9-90c2-f96149f5f58e,3,3,0.9841,0.9711,True,True,0.9256,3,0.9844,0.013,0.0,0.002,0.9841,0.0007,0.0002,0.0467,0.0,0.0002,0.9499,0.0018,0.0014
ce5fb607-99c5-457f-9022-df38b540fce6,1,1,0.8573,0.7445,True,True,0.8804,1,0.856,0.0204,0.8573,0.0045,0.0,0.005,0.1128,0.02,0.8836,0.0123,0.0,0.0082,0.0758
ceb8abb5-067a-475c-99b2-128d66267b3f,5,5,0.8636,0.8135,True,True,0.8326,5,0.8677,0.049,0.0011,0.0,0.0501,0.0362,0.8636,0.1045,0.0323,0.0017,0.029,0.0492,0.7832
cebc70af-a3df-45ef-9656-050f382f64e8,2,2,0.9053,0.8657,True,True,0.9084,2,0.9059,0.0397,0.0161,0.9053,0.0001,0.0288,0.01,0.0516,0.0053,0.8734,0.0,0.0597,0.0099
d02fcfe5-6834-4c66-93d4-768783500ede,1,1,0.932,0.8865,True,True,0.8969,1,0.9327,0.0004,0.932,0.0009,0.0,0.0212,0.0455,0.0079,0.8925,0.008,0.0,0.0165,0.0751
d088027b-e691-4962-bf1c-85abd24ac76c,4,4,0.7686,0.658,True,True,0.846,4,0.7653,0.0134,0.047,0.0169,0.0434,0.7686,0.1106,0.0434,0.016,0.0292,0.035,0.8232,0.0531
d0d080e3-b40d-466e-8b51-58ee3f463667,1,1,0.7094,0.596,True,True,0.8759,1,0.6996,0.0751,0.7094,0.1134,0.0004,0.026,0.0757,0.024,0.8832,0.0129,0.0,0.008,0.0718
d2b6a1a6-ed16-4374-8b28-912237ed87c2,4,4,0.5522,0.2867,False,False,0.6779,4,0.5405,0.0018,0.2654,0.0014,0.0006,0.5522,0.1786,0.0346,0.1816,0.0195,0.0116,0.6427,0.1099
d561fbb1-a288-4a37-98de-65247968fa40,3,3,0.9759,0.9608,True,True,0.9282,3,0.9762,0.0151,0.0,0.0037,0.9759,0.0045,0.0007,0.0451,0.0,0.0001,0.9505,0.0023,0.0019
d620997f-b99e-4e20-a20d-d5b67ba3ce4b,1,1,0.9294,0.8612,True,True,0.8974,1,0.9302,0.0006,0.9294,0.0003,0.0,0.0015,0.0682,0.0099,0.8953,0.008,0.0,0.0122,0.0745
d7278caf-2bf9-48fb-adfa-d30c7b988000,3,3,0.8118,0.6987,True,True,0.8989,3,0.7952,0.1131,0.0,0.0717,0.8118,0.0018,0.0016,0.0633,0.0,0.0085,0.9256,0.0016,0.0011
d745289b-15ab-4923-9590-774b20d8b885,4,4,0.7489,0.5636,True,True,0.7718,4,0.747,0.0055,0.0039,0.1852,0.05,0.7489,0.0065,0.0342,0.0086,0.1477,0.0339,0.7569,0.0188
d7b7ba93-518f-4ee9-a966-d5eb7c3cc8f3,0,0,0.5971,0.2972,False,False,0.708,0,0.5937,0.5971,0.0093,0.0174,0.0416,0.0348,0.2999,0.7091,0.0146,0.0139,0.026,0.0129,0.2235
d7f50a7e-b1e9-47ea-b33a-856964b813f7,2,2,0.8933,0.8218,True,True,0.9048,2,0.8937,0.0228,0.006,0.8933,0.0002,0.0715,0.0062,0.0481,0.0062,0.8687,0.0,0.0667,0.0104
d83433da-3354-4e58-94f6-52d56d296363,4,4,0.4409,0.0023,False,False,0.4765,4,0.4406,0.0653,0.0039,0.4386,0.0202,0.4409,0.0311,0.0338,0.006,0.4704,0.0154,0.4612,0.0132
d89d1ff1-7285-458d-8c32-2446a1d98b7b,3,3,0.978,0.9589,True,True,0.9257,3,0.9786,0.0191,0.0,0.0024,0.978,0.0002,0.0003,0.0481,0.0,0.0004,0.9485,0.0019,0.0012
d921ae97-0106-4326-a7d1-8802fd11acbf,0,0,0.6011,0.3753,False,True,0.7173,0,0.5907,0.6011,0.0041,0.2259,0.0033,0.0233,0.1423,0.7209,0.0103,0.1453,0.0146,0.008,0.1009
d9548857-ab3c-4cf6-8608-4d5951f63c8b,4,4,0.7417,0.6227,True,True,0.8268,4,0.7383,0.0191,0.0034,0.119,0.0841,0.7417,0.0327,0.0397,0.0117,0.0747,0.0362,0.8081,0.0296
d98b999b-c625-4970-9b6a-533e7a4b7a0f,4,4,0.5872,0.1856,False,False,0.7053,4,0.5737,0.0026,0.0048,0.4016,0.0002,0.5872,0.0038,0.0326,0.0182,0.2297,0.0129,0.6871,0.0194
d9ce8aca-09dc-4140-a530-e6412c0ad927,4,4,0.7603,0.6113,True,True,0.815,4,0.7538,0.013,0.0034,0.0677,0.149,0.7603,0.0065,0.0417,0.0111,0.0804,0.0413,0.7995,0.0261
da7d327b-1022-4ffc-9ed8-8b4413209ce4,2,2,0.8276,0.6644,True,True,0.8896,2,0.8251,0.0045,0.0034,0.8276,0.0001,0.1632,0.0013,0.0419,0.0081,0.857,0.0001,0.0828,0.0102
dad61e18-e3f1-4beb-b3c3-ae434e35af2d,3,3,0.8828,0.8257,True,True,0.9102,3,0.8812,0.0328,0.0002,0.0173,0.8828,0.0571,0.0097,0.0391,0.0,0.0007,0.9338,0.0237,0.0027
db0f3e8d-4a8e-48c7-8903-3dfba46d8401,1,5,0.3972,0.0026,False,False,0.3739,1,0.3993,0.0181,0.3946,0.0565,0.0,0.1336,0.3972,0.0168,0.3606,0.0155,0.0007,0.1102,0.4962
dc528d13-8cd7-475f-a1c5-d710b36199bb,1,1,0.7375,0.4971,False,True,0.8943,1,0.7284,0.0091,0.7375,0.0036,0.0,0.0095,0.2404,0.0102,0.8893,0.0083,0.0,0.0127,0.0794
def5d534-0efd-450c-bde0-f69abbe48f7c,0,0,0.7224,0.542,True,True,0.7497,0,0.7062,0.7224,0.0001,0.0833,0.1804,0.0117,0.0021,0.8498,0.0025,0.0475,0.0818,0.0013,0.0171
df3438b0-f3c9-4d19-bfe3-685b97b05a3a,4,4,0.4737,0.1806,False,False,0.6407,4,0.4645,0.0367,0.0006,0.2931,0.192,0.4737,0.0039,0.0323,0.005,0.2787,0.0369,0.6323,0.0147
df47f95a-fb4a-4ea2-a929-c1d1971997a0,0,0,0.5166,0.2318,False,False,0.6067,0,0.5136,0.5166,0.0006,0.0476,0.2849,0.0794,0.0709,0.6062,0.002,0.0137,0.283,0.0123,0.0828
e013dfab-0f14-496c-98ff-4079c877aaf7,5,5,0.5792,0.3447,False,True,0.805,5,0.5722,0.0486,0.2346,0.005,0.0007,0.1319,0.5792,0.0361,0.1193,0.0042,0.0047,0.081,0.7547
e044dbf9-7587-48b7-b58a-b4f5d9401309,2,2,0.564,0.2164,False,False,0.5413,2,0.5636,0.3476,0.0001,0.564,0.0783,0.0077,0.0023,0.4031,0.0005,0.5666,0.0099,0.0148,0.0051
e0497b17-99ef-4d0b-afc9-9fcd5769baaa,1,1,0.7729,0.6469,True,True,0.8468,1,0.7674,0.0811,0.7729,0.014,0.0005,0.0056,0.126,0.0391,0.8465,0.0129,0.0002,0.0068,0.0945
e08e8902-f526-449f-b645-d29b06d175dd,4,4,0.8696,0.7718,True,True,0.8279,4,0.8707,0.0093,0.0133,0.0059,0.0039,0.8696,0.0978,0.0438,0.0341,0.0296,0.0186,0.792,0.082
e1757a20-2d6f-4aee-bafb-804302b448ea,2,2,0.9065,0.8331,True,True,0.8976,2,0.9073,0.0038,0.0132,0.9065,0.0001,0.0734,0.0031,0.0433,0.0072,0.8656,0.0001,0.0741,0.0096
e1f24215-12d6-400a-b527-cee0c4d7ef8a,4,4,0.5701,0.2717,False,False,0.679,4,0.5629,0.0175,0.0035,0.2984,0.1058,0.5701,0.0046,0.0327,0.0058,0.2407,0.0368,0.6686,0.0154
e2304515-3868-4f25-9967-900a3ae600be,3,3,0.9083,0.8371,True,True,0.8905,3,0.9077,0.0109,0.0001,0.0014,0.9083,0.0712,0.0081,0.0352,0.0,0.001,0.9147,0.0423,0.0067
e36091c6-d62c-4997-bb9f-7192b73f12ed,2,2,0.9302,0.8986,True,True,0.9085,2,0.9309,0.0296,0.006,0.9302,0.0007,0.0316,0.002,0.0514,0.0046,0.8794,0.0002,0.0561,0.0082
e3ca6a99-2907-4509-a416-eb7362b0b606,0,4,0.4084,0.0379,False,False,0.3275,4,0.3982,0.3705,0.0269,0.0838,0.0146,0.4084,0.0958,0.3135,0.0233,0.0403,0.0161,0.5164,0.0904
e58cdc72-ac07-40cd-90c5-ebb2d0b8321d,3,3,0.873,0.7579,True,True,0.9232,3,0.8699,0.1151,0.0,0.0068,0.873,0.0037,0.0013,0.0495,0.0,0.0003,0.9472,0.0019,0.0011
e749773c-7cd6-45d4-ae43-68b03f9b2a25,3,3,0.9936,0.9879,True,True,0.9273,3,0.9939,0.0058,0.0,0.0003,0.9936,0.0003,0.0,0.0452,0.0,0.0001,0.9514,0.0017,0.0015
e7b0cb4b-d9c4-440f-b5d4-857d7e53e303,2,2,0.527,0.2356,False,True,0.8512,2,0.4973,0.2914,0.0002,0.527,0.0547,0.1218,0.0049,0.1184,0.0017,0.8299,0.0015,0.0417,0.0067
e84acff3-3067-49e4-82b7-dbbddfddb723,0,0,0.763,0.5318,True,True,0.7416,0,0.7459,0.763,0.0,0.2312,0.0047,0.0001,0.001,0.8409,0.0033,0.1156,0.0218,0.0008,0.0175
e8c1b868-8139-4831-9c66-32f22d556f29,3,3,0.7588,0.5622,True,True,0.9195,3,0.7505,0.1966,0.0001,0.0061,0.7588,0.0149,0.0235,0.0514,0.0,0.0001,0.9372,0.0034,0.0079
e9c72888-0405-4c66-bcd5-bb56173bdcb2,4,0,0.3051,0.0183,False,True,0.6918,0,0.3097,0.3051,0.0068,0.168,0.0855,0.2868,0.1478,0.1245,0.0088,0.0715,0.0446,0.6501,0.1005
ec1ada4a-34c5-4d5f-a75f-25fc45d05a28,1,1,0.6339,0.3817,False,True,0.7239,1,0.6251,0.0031,0.6339,0.0291,0.0,0.2522,0.0817,0.0144,0.7204,0.0206,0.0,0.1368,0.1078
ecd2943f-37ab-4c0c-88ab-078c6ba15953,5,5,0.6254,0.3931,False,True,0.8045,5,0.6191,0.0205,0.1117,0.007,0.003,0.2324,0.6254,0.0332,0.0944,0.003,0.0092,0.1007,0.7594
ed0f8f0e-9dbf-475b-8cd7-1f712c5929b8,0,0,0.4151,0.2148,False,False,0.5777,0,0.4084,0.4151,0.1054,0.0803,0.0232,0.1759,0.2002,0.5485,0.0509,0.0224,0.0188,0.1659,0.1936
ee1a4754-896c-4f5d-bd4a-a7754f84abad,3,3,0.5911,0.3615,False,True,0.9022,3,0.5657,0.1354,0.0001,0.2296,0.5911,0.0418,0.002,0.0557,0.0,0.0125,0.9273,0.0032,0.0013
ef9cc9ef-1cf3-46fc-b3cb-06ea0582b7fa,2,2,0.9564,0.9371,True,True,0.907,2,0.9573,0.0115,0.0106,0.9564,0.0,0.0192,0.0023,0.0498,0.0054,0.8754,0.0,0.06,0.0094
efbd20eb-2922-4904-8cf1-88d5bb09ab30,4,4,0.8612,0.8015,True,True,0.849,4,0.8615,0.0234,0.0045,0.0301,0.0213,0.8612,0.0596,0.0449,0.0179,0.0297,0.0331,0.823,0.0514
efd59495-0b78-4b9e-af2b-20adbd7689f5,2,2,0.8604,0.734,True,True,0.819,2,0.8627,0.1264,0.0002,0.8604,0.008,0.0047,0.0003,0.1485,0.0014,0.8124,0.0018,0.0304,0.0056
f16d9348-2781-4518-a34a-fbfcc18e1f7b,0,0,0.6126,0.3386,False,False,0.7053,0,0.6051,0.6126,0.019,0.056,0.001,0.0374,0.274,0.7018,0.019,0.0175,0.0149,0.0128,0.234
f26ac65f-2536-4431-9938-45de5996582e,4,4,0.7041,0.5835,True,True,0.8433,4,0.6972,0.008,0.1206,0.0682,0.0023,0.7041,0.0969,0.0398,0.0298,0.0355,0.0234,0.8169,0.0545
f2bb28ee-ca66-4ca1-8e51-8aeb92084931,1,1,0.957,0.9381,True,True,0.8999,1,0.9579,0.0018,0.957,0.0052,0.0,0.0171,0.0189,0.0094,0.9063,0.0103,0.0,0.0133,0.0606
f2d885c3-e234-4584-a071-98ccbb871553,2,2,0.6687,0.3835,False,True,0.8151,2,0.6622,0.2852,0.0005,0.6687,0.0197,0.0175,0.0084,0.1567,0.0015,0.8004,0.0016,0.0319,0.0079
f34feebc-700f-4cd2-b04d-fa2c8231c56e,4,4,0.5747,0.2629,False,True,0.7775,4,0.5711,0.0315,0.0333,0.3118,0.0023,0.5747,0.0464,0.0383,0.0194,0.1452,0.0155,0.7549,0.0266
f426768e-744a-4bed-bb8e-b5957a350bf2,2,2,0.6421,0.511,True,True,0.8995,2,0.6324,0.1145,0.0015,0.6421,0.1312,0.105,0.0057,0.0653,0.0029,0.8668,0.0033,0.0543,0.0073
f489cec9-6f4b-4364-b85a-d34cbc8c2015,4,4,0.9395,0.9126,True,True,0.8042,4,0.9428,0.0011,0.0092,0.0269,0.0001,0.9395,0.0233,0.0402,0.0429,0.044,0.012,0.7786,0.0822
f4a6270e-6932-4d56-aa0b-475377d443b9,3,3,0.6085,0.3775,False,True,0.8563,3,0.5667,0.126,0.0005,0.0046,0.6085,0.231,0.0294,0.0581,0.0001,0.0012,0.8708,0.0514,0.0183
f4e07a40-74e5-4c35-ae98-7ca190fff6c9,1,1,0.5181,0.1455,False,False,0.6216,1,0.5154,0.01,0.5181,0.0049,0.0001,0.0942,0.3727,0.0097,0.5999,0.0047,0.0001,0.0646,0.321
f505fb40-a27a-4a6a-9a3d-1f11a4b834b3,3,3,0.5453,0.2372,False,True,0.8659,3,0.5344,0.3081,0.0009,0.0317,0.5453,0.043,0.0709,0.0777,0.0001,0.0002,0.8669,0.0083,0.0469
f54636e5-d823-4bc2-9475-2f4f81879067,5,5,0.4474,0.1678,False,True,0.6975,5,0.4374,0.0122,0.2579,0.0024,0.0005,0.2796,0.4474,0.0248,0.1554,0.0066,0.0038,0.1511,0.6583
f60c516c-6be7-4dda-9e46-46a87039c099,4,2,0.3591,0.0429,False,False,0.5252,2,0.3621,0.0598,0.1002,0.3591,0.0001,0.3162,0.1646,0.0466,0.0498,0.3,0.002,0.5011,0.1005
f78bc420-1d4a-4b75-b400-65352b99b4e8,1,1,0.8061,0.7207,True,True,0.8858,1,0.793,0.0582,0.8061,0.0854,0.0001,0.025,0.0251,0.0189,0.8927,0.013,0.0,0.0093,0.0661
f7a52a43-18a5-42bf-b016-6a988b5d5c46,2,2,0.9624,0.9336,True,True,0.9016,2,0.9636,0.006,0.0015,0.9624,0.0,0.0288,0.0013,0.0452,0.0066,0.8706,0.0,0.0679,0.0098
f8e0df1c-94bc-4e0f-b45e-51aa187c04d8,4,4,0.9156,0.8589,True,True,0.8489,4,0.9166,0.004,0.0013,0.0161,0.0567,0.9156,0.0062,0.0453,0.0146,0.037,0.0358,0.8293,0.0381
f9e9b712-c1a2-4821-924f-027e2ce78d90,0,0,0.7776,0.6098,True,True,0.755,0,0.7683,0.7776,0.0008,0.0125,0.1678,0.0212,0.0201,0.8337,0.0029,0.0266,0.1019,0.003,0.0319
fa094819-3bc6-4bc6-92cc-906254bbfa73,2,2,0.856,0.7217,True,True,0.8848,2,0.8548,0.0016,0.007,0.856,0.0001,0.1343,0.0011,0.0411,0.0078,0.8538,0.0003,0.087,0.01
fae111e5-9372-4e6d-8e0d-c158c478afc4,2,2,0.901,0.8118,True,True,0.8722,2,0.9018,0.0891,0.0004,0.901,0.0018,0.0069,0.0008,0.095,0.0021,0.8513,0.0013,0.043,0.0072
fd18cdd5-f7da-45d6-aaa1-d811a4f0a4e1,4,4,0.8755,0.7742,True,True,0.827,4,0.8765,0.0032,0.0028,0.1014,0.0126,0.8755,0.0046,0.0388,0.0119,0.0812,0.0335,0.8104,0.0242
fd950816-2bc3-4e25-90b4-6a6a049cd809,5,5,0.8609,0.7979,True,True,0.8317,5,0.8624,0.0363,0.0373,0.0011,0.0014,0.063,0.8609,0.0588,0.0655,0.0035,0.0125,0.0705,0.7892
fe757d4a-9d17-4a14-a198-dfe57e6c00f2,4,4,0.6196,0.309,False,False,0.6726,4,0.6124,0.002,0.3105,0.0068,0.0003,0.6196,0.0608,0.0347,0.1977,0.0218,0.0108,0.6433,0.0917
ff14b89f-5e47-49f2-9499-8d5224f067dc,3,3,0.4419,0.122,False,False,0.4028,3,0.4471,0.0576,0.0134,0.0112,0.4419,0.3199,0.156,0.05,0.0028,0.0058,0.4049,0.4706,0.066
